ISO-10303-21;
HEADER;
FILE_DESCRIPTION((''),'2;1');
FILE_NAME('2','2020-06-04T',('P'),(''),
'PRO/ENGINEER BY PARAMETRIC TECHNOLOGY CORPORATION, 2010280',
'PRO/ENGINEER BY PARAMETRIC TECHNOLOGY CORPORATION, 2010280','');
FILE_SCHEMA(('CONFIG_CONTROL_DESIGN'));
ENDSEC;
DATA;
#1=DIRECTION('',(0.E0,1.E0,0.E0));
#2=VECTOR('',#1,1.212772020844E0);
#3=CARTESIAN_POINT('',(8.400000000001E0,9.4E0,-2.54E0));
#4=LINE('',#3,#2);
#5=DIRECTION('',(-9.828721869343E-1,1.842885350502E-1,0.E0));
#6=VECTOR('',#5,8.835131105930E-1);
#7=CARTESIAN_POINT('',(9.268380463195E0,9.237178663151E0,-2.54E0));
#8=LINE('',#7,#6);
#9=DIRECTION('',(4.121704717980E-1,-9.111067457646E-1,0.E0));
#10=VECTOR('',#9,1.337509256684E0);
#11=CARTESIAN_POINT('',(8.717098641833E0,1.045579236944E1,-2.54E0));
#12=LINE('',#11,#10);
#13=CARTESIAN_POINT('',(8.462725307499E0,1.034071784309E1,-2.54E0));
#14=DIRECTION('',(0.E0,0.E0,1.E0));
#15=DIRECTION('',(9.111067457829E-1,4.121704717577E-1,0.E0));
#16=AXIS2_PLACEMENT_3D('',#13,#14,#15);
#18=DIRECTION('',(0.E0,1.E0,0.E0));
#19=VECTOR('',#18,1.582575694984E-1);
#20=CARTESIAN_POINT('',(8.400000000001E0,1.154174243050E1,-2.54E0));
#21=LINE('',#20,#19);
#22=CARTESIAN_POINT('',(8.200000000001E0,1.2E1,-2.54E0));
#23=DIRECTION('',(0.E0,0.E0,1.E0));
#24=DIRECTION('',(4.E-1,-9.165151389912E-1,0.E0));
#25=AXIS2_PLACEMENT_3D('',#22,#23,#24);
#27=DIRECTION('',(0.E0,-1.E0,0.E0));
#28=VECTOR('',#27,1.6E0);
#29=CARTESIAN_POINT('',(8.700000000001E0,1.36E1,-2.54E0));
#30=LINE('',#29,#28);
#31=DIRECTION('',(0.E0,-1.E0,0.E0));
#32=VECTOR('',#31,1.700000000001E0);
#33=CARTESIAN_POINT('',(8.6E0,1.36E1,-2.54E0));
#34=LINE('',#33,#32);
#35=DIRECTION('',(-7.071067811911E-1,-7.071067811820E-1,0.E0));
#36=VECTOR('',#35,2.828427124714E-1);
#37=CARTESIAN_POINT('',(8.6E0,1.19E1,-2.54E0));
#38=LINE('',#37,#36);
#39=DIRECTION('',(-1.579210723870E-5,9.999999998570E-1,6.042904608214E-6));
#40=VECTOR('',#39,9.999932495689E-1);
#41=CARTESIAN_POINT('',(7.688324670451E0,1.260000675057E1,-2.540006042864E0));
#42=LINE('',#41,#40);
#43=DIRECTION('',(1.098737564312E-5,9.999999999283E-1,4.757412897866E-6));
#44=VECTOR('',#43,9.999932476632E-1);
#45=CARTESIAN_POINT('',(6.211680134250E0,1.260000675241E1,-2.540004757381E0));
#46=LINE('',#45,#44);
#47=CARTESIAN_POINT('',(6.211680134250E0,1.260000675241E1,-2.540004757381E0));
#48=CARTESIAN_POINT('',(6.376876324529E0,1.260009100481E1,-2.540004757381E0));
#49=CARTESIAN_POINT('',(6.706535606025E0,1.259999691345E1,-2.539998585604E0));
#50=CARTESIAN_POINT('',(7.198752635856E0,1.259999991694E1,-2.539997814314E0));
#51=CARTESIAN_POINT('',(7.525395555578E0,1.260008985266E1,-2.540006042864E0));
#52=CARTESIAN_POINT('',(7.688324670451E0,1.260000675057E1,-2.540006042864E0));
#54=DIRECTION('',(2.918887764526E-14,-6.675450157518E-1,7.445694406467E-1));
#55=VECTOR('',#54,1.947434209415E0);
#56=CARTESIAN_POINT('',(8.4E0,1.07E1,-4.64E0));
#57=LINE('',#56,#55);
#58=DIRECTION('',(-3.973118130792E-12,5.968558980385E-12,-1.E0));
#59=VECTOR('',#58,6.E-1);
#60=CARTESIAN_POINT('',(8.717098641833E0,1.045579236944E1,-2.54E0));
#61=LINE('',#60,#59);
#62=DIRECTION('',(1.492139745096E-12,3.955354562398E-12,1.E0));
#63=VECTOR('',#62,6.E-1);
#64=CARTESIAN_POINT('',(8.4E0,1.061277202084E1,-3.14E0));
#65=LINE('',#64,#63);
#66=DIRECTION('',(-7.963999829978E-13,2.072416312634E-13,-1.E0));
#67=VECTOR('',#66,6.E-1);
#68=CARTESIAN_POINT('',(9.268380463195E0,9.237178663151E0,-2.54E0));
#69=LINE('',#68,#67);
#70=DIRECTION('',(-9.810955466843E-13,5.274413384682E-13,-1.E0));
#71=VECTOR('',#70,6.499999999999E-1);
#72=CARTESIAN_POINT('',(8.400000000001E0,9.4E0,-2.54E0));
#73=LINE('',#72,#71);
#74=DIRECTION('',(1.165290086623E-11,2.557953848685E-12,1.E0));
#75=VECTOR('',#74,5.000000000100E-2);
#76=CARTESIAN_POINT('',(9.999999999999E0,9.1E0,-3.190000000001E0));
#77=LINE('',#76,#75);
#78=DIRECTION('',(-9.828721869343E-1,1.842885350505E-1,7.002823054386E-13));
#79=VECTOR('',#78,1.627882059609E0);
#80=CARTESIAN_POINT('',(9.999999999999E0,9.1E0,-3.190000000001E0));
#81=LINE('',#80,#79);
#82=DIRECTION('',(0.E0,-1.E0,0.E0));
#83=VECTOR('',#82,7.7E0);
#84=CARTESIAN_POINT('',(1.E1,1.36E1,-5.08E0));
#85=LINE('',#84,#83);
#86=DIRECTION('',(1.043609643148E-13,1.E0,0.E0));
#87=VECTOR('',#86,3.2E0);
#88=CARTESIAN_POINT('',(9.999999999999E0,5.9E0,-3.14E0));
#89=LINE('',#88,#87);
#90=DIRECTION('',(0.E0,6.675450157518E-1,-7.445694406467E-1));
#91=VECTOR('',#90,1.947434209415E0);
#92=CARTESIAN_POINT('',(9.999999999999E0,9.1E0,-3.190000000001E0));
#93=LINE('',#92,#91);
#94=DIRECTION('',(-5.000000000004E-1,-8.660254037842E-1,0.E0));
#95=VECTOR('',#94,2.388705964937E0);
#96=CARTESIAN_POINT('',(1.26E1,9.2E0,-5.08E0));
#97=LINE('',#96,#95);
#98=CARTESIAN_POINT('',(8.807570806181E0,8.631319952196E0,-5.08E0));
#99=DIRECTION('',(0.E0,0.E0,-1.E0));
#100=DIRECTION('',(8.660254037838E-1,-5.000000000011E-1,0.E0));
#101=AXIS2_PLACEMENT_3D('',#98,#99,#100);
#103=DIRECTION('',(-8.660254037832E-1,5.000000000022E-1,0.E0));
#104=VECTOR('',#103,2.447633398457E-2);
#105=CARTESIAN_POINT('',(1.002119712702E1,5.887761833008E0,-5.08E0));
#106=LINE('',#105,#104);
#107=DIRECTION('',(6.748171233476E-14,3.721417959637E-14,-1.E0));
#108=VECTOR('',#107,1.79E0);
#109=CARTESIAN_POINT('',(9.999999999999E0,5.9E0,-5.83E0));
#110=LINE('',#109,#108);
#111=DIRECTION('',(8.056547555075E-13,1.351150162882E-12,1.E0));
#112=VECTOR('',#111,2.54E0);
#113=CARTESIAN_POINT('',(1.080203192872E1,5.436946650063E0,-7.62E0));
#114=LINE('',#113,#112);
#115=DIRECTION('',(5.118565239201E-12,-2.955466143034E-12,1.E0));
#116=VECTOR('',#115,2.54E0);
#117=CARTESIAN_POINT('',(1.080203192873E1,5.436946650067E0,-5.08E0));
#118=LINE('',#117,#116);
#119=DIRECTION('',(4.837425298477E-12,-3.284861446718E-12,1.E0));
#120=VECTOR('',#119,2.54E0);
#121=CARTESIAN_POINT('',(1.080203192874E1,5.436946650059E0,-2.54E0));
#122=LINE('',#121,#120);
#123=DIRECTION('',(-8.392237036537E-14,4.363963258999E-13,-1.E0));
#124=VECTOR('',#123,2.54E0);
#125=CARTESIAN_POINT('',(1.E1,5.899999999999E0,0.E0));
#126=LINE('',#125,#124);
#127=DIRECTION('',(-8.660254037802E-1,5.000000000073E-1,0.E0));
#128=VECTOR('',#127,2.447633398417E-2);
#129=CARTESIAN_POINT('',(1.002119712702E1,5.887761833008E0,-2.54E0));
#130=LINE('',#129,#128);
#131=DIRECTION('',(3.552713678801E-13,1.572919324273E-13,-1.E0));
#132=VECTOR('',#131,1.79E0);
#133=CARTESIAN_POINT('',(9.999999999999E0,5.9E0,-3.29E0));
#134=LINE('',#133,#132);
#135=DIRECTION('',(2.377949689010E-12,-7.579122514774E-14,1.E0));
#136=VECTOR('',#135,7.5E-1);
#137=CARTESIAN_POINT('',(1.002119712702E1,5.887761833008E0,-5.83E0));
#138=LINE('',#137,#136);
#139=DIRECTION('',(-1.193119677131E-12,9.473903143468E-13,1.E0));
#140=VECTOR('',#139,6.E-1);
#141=CARTESIAN_POINT('',(1.140564701753E1,7.131319952193E0,-5.68E0));
#142=LINE('',#141,#140);
#143=DIRECTION('',(-3.673828917850E-14,1.E0,0.E0));
#144=VECTOR('',#143,4.4E0);
#145=CARTESIAN_POINT('',(1.26E1,9.2E0,-5.08E0));
#146=LINE('',#145,#144);
#147=DIRECTION('',(0.E0,-7.071067811865E-1,7.071067811865E-1));
#148=VECTOR('',#147,1.697056274848E0);
#149=CARTESIAN_POINT('',(1.26E1,1.24E1,-6.88E0));
#150=LINE('',#149,#148);
#151=DIRECTION('',(8.082423619271E-14,-1.E0,0.E0));
#152=VECTOR('',#151,2.E0);
#153=CARTESIAN_POINT('',(1.26E1,1.12E1,-5.68E0));
#154=LINE('',#153,#152);
#155=DIRECTION('',(0.E0,0.E0,1.E0));
#156=VECTOR('',#155,6.E-1);
#157=CARTESIAN_POINT('',(1.26E1,9.2E0,-5.68E0));
#158=LINE('',#157,#156);
#159=DIRECTION('',(0.E0,0.E0,1.E0));
#160=VECTOR('',#159,1.8E0);
#161=CARTESIAN_POINT('',(1.26E1,1.36E1,-6.88E0));
#162=LINE('',#161,#160);
#163=DIRECTION('',(-1.E0,0.E0,0.E0));
#164=VECTOR('',#163,2.6E0);
#165=CARTESIAN_POINT('',(1.26E1,1.36E1,-5.08E0));
#166=LINE('',#165,#164);
#167=DIRECTION('',(-1.517977662761E-12,0.E0,1.E0));
#168=VECTOR('',#167,4.399999999998E-1);
#169=CARTESIAN_POINT('',(1.E1,1.36E1,-5.08E0));
#170=LINE('',#169,#168);
#171=DIRECTION('',(-1.E0,0.E0,1.192696735026E-13));
#172=VECTOR('',#171,1.399999999999E0);
#173=CARTESIAN_POINT('',(9.999999999999E0,1.36E1,-4.64E0));
#174=LINE('',#173,#172);
#175=DIRECTION('',(8.035899987763E-14,0.E0,1.E0));
#176=VECTOR('',#175,2.1E0);
#177=CARTESIAN_POINT('',(8.6E0,1.36E1,-4.64E0));
#178=LINE('',#177,#176);
#179=DIRECTION('',(1.E0,0.E0,0.E0));
#180=VECTOR('',#179,1.000000000010E-1);
#181=CARTESIAN_POINT('',(8.6E0,1.36E1,-2.54E0));
#182=LINE('',#181,#180);
#183=DIRECTION('',(0.E0,0.E0,1.E0));
#184=VECTOR('',#183,1.8E0);
#185=CARTESIAN_POINT('',(1.26E1,1.36E1,-4.34E0));
#186=LINE('',#185,#184);
#187=DIRECTION('',(-1.E0,0.E0,0.E0));
#188=VECTOR('',#187,2.6E0);
#189=CARTESIAN_POINT('',(1.26E1,1.36E1,-2.54E0));
#190=LINE('',#189,#188);
#191=DIRECTION('',(0.E0,0.E0,1.E0));
#192=VECTOR('',#191,2.54E0);
#193=CARTESIAN_POINT('',(1.E1,1.36E1,-2.54E0));
#194=LINE('',#193,#192);
#195=DIRECTION('',(0.E0,0.E0,1.E0));
#196=VECTOR('',#195,4.399999999998E-1);
#197=CARTESIAN_POINT('',(9.999999999999E0,1.36E1,-7.62E0));
#198=LINE('',#197,#196);
#199=DIRECTION('',(-1.E0,0.E0,1.199040866596E-13));
#200=VECTOR('',#199,1.399999999999E0);
#201=CARTESIAN_POINT('',(9.999999999999E0,1.36E1,-7.18E0));
#202=LINE('',#201,#200);
#203=DIRECTION('',(8.035899987763E-14,0.E0,1.E0));
#204=VECTOR('',#203,2.1E0);
#205=CARTESIAN_POINT('',(8.6E0,1.36E1,-7.18E0));
#206=LINE('',#205,#204);
#207=DIRECTION('',(1.E0,0.E0,0.E0));
#208=VECTOR('',#207,1.476617756899E0);
#209=CARTESIAN_POINT('',(6.211691121551E0,1.36E1,-2.54E0));
#210=LINE('',#209,#208);
#211=CARTESIAN_POINT('',(6.950000000001E0,1.36E1,-3.61E0));
#212=DIRECTION('',(0.E0,1.E0,0.E0));
#213=DIRECTION('',(5.679299065001E-1,0.E0,8.230769230776E-1));
#214=AXIS2_PLACEMENT_3D('',#211,#212,#213);
#216=CARTESIAN_POINT('',(6.950000000001E0,1.36E1,-3.61E0));
#217=DIRECTION('',(0.E0,1.E0,0.E0));
#218=DIRECTION('',(-5.679512771449E-1,0.E0,-8.230621767458E-1));
#219=AXIS2_PLACEMENT_3D('',#216,#217,#218);
#221=CARTESIAN_POINT('',(6.950000000001E0,1.36E1,-6.15E0));
#222=DIRECTION('',(0.E0,1.E0,0.E0));
#223=DIRECTION('',(5.679299065001E-1,0.E0,8.230769230776E-1));
#224=AXIS2_PLACEMENT_3D('',#221,#222,#223);
#226=CARTESIAN_POINT('',(6.950000000001E0,1.36E1,-6.15E0));
#227=DIRECTION('',(0.E0,1.E0,0.E0));
#228=DIRECTION('',(-5.679512771449E-1,0.E0,-8.230621767458E-1));
#229=AXIS2_PLACEMENT_3D('',#226,#227,#228);
#231=DIRECTION('',(0.E0,0.E0,-1.E0));
#232=VECTOR('',#231,8.E-1);
#233=CARTESIAN_POINT('',(9.200000000001E0,1.36E1,-5.58E0));
#234=LINE('',#233,#232);
#235=DIRECTION('',(-1.E0,0.E0,0.E0));
#236=VECTOR('',#235,2.899999999999E0);
#237=CARTESIAN_POINT('',(1.21E1,1.36E1,-5.58E0));
#238=LINE('',#237,#236);
#239=DIRECTION('',(0.E0,-1.E0,0.E0));
#240=VECTOR('',#239,1.2E0);
#241=CARTESIAN_POINT('',(9.200000000001E0,1.36E1,-5.58E0));
#242=LINE('',#241,#240);
#243=DIRECTION('',(0.E0,0.E0,1.E0));
#244=VECTOR('',#243,8.E-1);
#245=CARTESIAN_POINT('',(1.21E1,1.36E1,-6.38E0));
#246=LINE('',#245,#244);
#247=DIRECTION('',(0.E0,-1.E0,0.E0));
#248=VECTOR('',#247,1.2E0);
#249=CARTESIAN_POINT('',(1.21E1,1.36E1,-5.58E0));
#250=LINE('',#249,#248);
#251=DIRECTION('',(0.E0,1.E0,0.E0));
#252=VECTOR('',#251,1.2E0);
#253=CARTESIAN_POINT('',(9.200000000001E0,1.24E1,-6.38E0));
#254=LINE('',#253,#252);
#255=DIRECTION('',(1.E0,0.E0,0.E0));
#256=VECTOR('',#255,2.899999999999E0);
#257=CARTESIAN_POINT('',(9.200000000001E0,1.36E1,-6.38E0));
#258=LINE('',#257,#256);
#259=DIRECTION('',(0.E0,-1.E0,0.E0));
#260=VECTOR('',#259,1.2E0);
#261=CARTESIAN_POINT('',(1.21E1,1.36E1,-6.38E0));
#262=LINE('',#261,#260);
#263=DIRECTION('',(0.E0,0.E0,1.E0));
#264=VECTOR('',#263,8.E-1);
#265=CARTESIAN_POINT('',(1.21E1,1.24E1,-6.38E0));
#266=LINE('',#265,#264);
#267=DIRECTION('',(-1.E0,0.E0,0.E0));
#268=VECTOR('',#267,2.899999999999E0);
#269=CARTESIAN_POINT('',(1.21E1,1.24E1,-5.58E0));
#270=LINE('',#269,#268);
#271=DIRECTION('',(0.E0,0.E0,-1.E0));
#272=VECTOR('',#271,8.E-1);
#273=CARTESIAN_POINT('',(9.200000000001E0,1.24E1,-5.58E0));
#274=LINE('',#273,#272);
#275=DIRECTION('',(1.E0,0.E0,0.E0));
#276=VECTOR('',#275,2.899999999999E0);
#277=CARTESIAN_POINT('',(9.200000000001E0,1.24E1,-6.38E0));
#278=LINE('',#277,#276);
#279=DIRECTION('',(0.E0,1.E0,0.E0));
#280=VECTOR('',#279,1.212772020844E0);
#281=CARTESIAN_POINT('',(8.400000000001E0,9.4E0,-5.08E0));
#282=LINE('',#281,#280);
#283=DIRECTION('',(-9.828721869343E-1,1.842885350502E-1,0.E0));
#284=VECTOR('',#283,8.835131105930E-1);
#285=CARTESIAN_POINT('',(9.268380463195E0,9.237178663151E0,-5.08E0));
#286=LINE('',#285,#284);
#287=DIRECTION('',(4.121704717980E-1,-9.111067457646E-1,0.E0));
#288=VECTOR('',#287,1.337509256684E0);
#289=CARTESIAN_POINT('',(8.717098641833E0,1.045579236944E1,-5.08E0));
#290=LINE('',#289,#288);
#291=CARTESIAN_POINT('',(8.462725307499E0,1.034071784309E1,-5.08E0));
#292=DIRECTION('',(0.E0,0.E0,1.E0));
#293=DIRECTION('',(9.111067457829E-1,4.121704717577E-1,0.E0));
#294=AXIS2_PLACEMENT_3D('',#291,#292,#293);
#296=DIRECTION('',(0.E0,1.E0,0.E0));
#297=VECTOR('',#296,1.582575694984E-1);
#298=CARTESIAN_POINT('',(8.400000000001E0,1.154174243050E1,-5.08E0));
#299=LINE('',#298,#297);
#300=CARTESIAN_POINT('',(8.200000000001E0,1.2E1,-5.08E0));
#301=DIRECTION('',(0.E0,0.E0,1.E0));
#302=DIRECTION('',(4.E-1,-9.165151389912E-1,0.E0));
#303=AXIS2_PLACEMENT_3D('',#300,#301,#302);
#305=DIRECTION('',(0.E0,-1.E0,0.E0));
#306=VECTOR('',#305,1.6E0);
#307=CARTESIAN_POINT('',(8.700000000001E0,1.36E1,-5.08E0));
#308=LINE('',#307,#306);
#309=DIRECTION('',(-1.E0,0.E0,0.E0));
#310=VECTOR('',#309,1.000000000010E-1);
#311=CARTESIAN_POINT('',(8.700000000001E0,1.36E1,-5.08E0));
#312=LINE('',#311,#310);
#313=DIRECTION('',(0.E0,-1.E0,0.E0));
#314=VECTOR('',#313,1.700000000001E0);
#315=CARTESIAN_POINT('',(8.6E0,1.36E1,-5.08E0));
#316=LINE('',#315,#314);
#317=DIRECTION('',(-7.071067811911E-1,-7.071067811820E-1,0.E0));
#318=VECTOR('',#317,2.828427124714E-1);
#319=CARTESIAN_POINT('',(8.6E0,1.19E1,-5.08E0));
#320=LINE('',#319,#318);
#321=DIRECTION('',(-1.579210724226E-5,9.999999998570E-1,6.042904607770E-6));
#322=VECTOR('',#321,9.999932495689E-1);
#323=CARTESIAN_POINT('',(7.688324670451E0,1.260000675057E1,-5.080006042864E0));
#324=LINE('',#323,#322);
#325=DIRECTION('',(-1.E0,0.E0,0.E0));
#326=VECTOR('',#325,1.476617756899E0);
#327=CARTESIAN_POINT('',(7.688308878451E0,1.36E1,-5.08E0));
#328=LINE('',#327,#326);
#329=DIRECTION('',(1.098737564490E-5,9.999999999283E-1,4.757412901863E-6));
#330=VECTOR('',#329,9.999932476632E-1);
#331=CARTESIAN_POINT('',(6.211680134250E0,1.260000675241E1,-5.080004757381E0));
#332=LINE('',#331,#330);
#333=CARTESIAN_POINT('',(6.211680134250E0,1.260000675241E1,-5.080004757381E0));
#334=CARTESIAN_POINT('',(6.376876324529E0,1.260009100481E1,-5.080004757381E0));
#335=CARTESIAN_POINT('',(6.706535606025E0,1.259999691345E1,-5.079998585604E0));
#336=CARTESIAN_POINT('',(7.198752635856E0,1.259999991694E1,-5.079997814314E0));
#337=CARTESIAN_POINT('',(7.525395555578E0,1.260008985266E1,-5.080006042864E0));
#338=CARTESIAN_POINT('',(7.688324670451E0,1.260000675057E1,-5.080006042864E0));
#340=DIRECTION('',(3.010103007167E-14,-6.675450157518E-1,7.445694406467E-1));
#341=VECTOR('',#340,1.947434209415E0);
#342=CARTESIAN_POINT('',(8.4E0,1.07E1,-7.18E0));
#343=LINE('',#342,#341);
#344=DIRECTION('',(-3.973118130792E-12,5.968558980385E-12,-1.E0));
#345=VECTOR('',#344,6.E-1);
#346=CARTESIAN_POINT('',(8.717098641833E0,1.045579236944E1,-5.08E0));
#347=LINE('',#346,#345);
#348=DIRECTION('',(1.492139745096E-12,3.955354562398E-12,1.E0));
#349=VECTOR('',#348,6.E-1);
#350=CARTESIAN_POINT('',(8.4E0,1.061277202084E1,-5.68E0));
#351=LINE('',#350,#349);
#352=DIRECTION('',(-7.963999829978E-13,2.072416312634E-13,-1.E0));
#353=VECTOR('',#352,6.E-1);
#354=CARTESIAN_POINT('',(9.268380463195E0,9.237178663151E0,-5.08E0));
#355=LINE('',#354,#353);
#356=DIRECTION('',(-9.810955466843E-13,5.274413384682E-13,-1.E0));
#357=VECTOR('',#356,6.499999999999E-1);
#358=CARTESIAN_POINT('',(8.400000000001E0,9.4E0,-5.08E0));
#359=LINE('',#358,#357);
#360=DIRECTION('',(1.165290086623E-11,2.522426711898E-12,1.E0));
#361=VECTOR('',#360,5.000000000100E-2);
#362=CARTESIAN_POINT('',(9.999999999999E0,9.1E0,-5.730000000001E0));
#363=LINE('',#362,#361);
#364=DIRECTION('',(-9.828721869343E-1,1.842885350505E-1,6.994638999395E-13));
#365=VECTOR('',#364,1.627882059609E0);
#366=CARTESIAN_POINT('',(9.999999999999E0,9.1E0,-5.730000000001E0));
#367=LINE('',#366,#365);
#368=DIRECTION('',(1.043609643148E-13,1.E0,0.E0));
#369=VECTOR('',#368,3.2E0);
#370=CARTESIAN_POINT('',(9.999999999999E0,5.9E0,-5.68E0));
#371=LINE('',#370,#369);
#372=DIRECTION('',(0.E0,6.675450157518E-1,-7.445694406467E-1));
#373=VECTOR('',#372,1.947434209415E0);
#374=CARTESIAN_POINT('',(9.999999999999E0,9.1E0,-5.730000000001E0));
#375=LINE('',#374,#373);
#376=CARTESIAN_POINT('',(8.807570806181E0,8.631319952196E0,-5.68E0));
#377=DIRECTION('',(0.E0,0.E0,1.E0));
#378=DIRECTION('',(4.136411916329E-1,-9.104399840651E-1,0.E0));
#379=AXIS2_PLACEMENT_3D('',#376,#377,#378);
#381=DIRECTION('',(5.000000000001E-1,8.660254037844E-1,0.E0));
#382=VECTOR('',#381,2.388705964937E0);
#383=CARTESIAN_POINT('',(1.140564701753E1,7.131319952193E0,-5.68E0));
#384=LINE('',#383,#382);
#385=CARTESIAN_POINT('',(8.200000000001E0,1.2E1,-5.68E0));
#386=DIRECTION('',(0.E0,0.E0,-1.E0));
#387=DIRECTION('',(1.E0,0.E0,0.E0));
#388=AXIS2_PLACEMENT_3D('',#385,#386,#387);
#390=DIRECTION('',(-1.223793960919E-13,-1.E0,0.E0));
#391=VECTOR('',#390,9.289704096616E-1);
#392=CARTESIAN_POINT('',(8.4E0,1.154174243050E1,-5.68E0));
#393=LINE('',#392,#391);
#394=CARTESIAN_POINT('',(8.462725307499E0,1.034071784309E1,-5.68E0));
#395=DIRECTION('',(0.E0,0.E0,-1.E0));
#396=DIRECTION('',(-2.246676167663E-1,9.744354580867E-1,0.E0));
#397=AXIS2_PLACEMENT_3D('',#394,#395,#396);
#399=CARTESIAN_POINT('',(8.462725307499E0,1.034071784309E1,-5.68E0));
#400=DIRECTION('',(0.E0,0.E0,-1.E0));
#401=DIRECTION('',(-8.271251837667E-14,1.E0,0.E0));
#402=AXIS2_PLACEMENT_3D('',#399,#400,#401);
#404=DIRECTION('',(4.121704717982E-1,-9.111067457645E-1,0.E0));
#405=VECTOR('',#404,1.337509256688E0);
#406=CARTESIAN_POINT('',(8.717098641831E0,1.045579236944E1,-5.68E0));
#407=LINE('',#406,#405);
#408=DIRECTION('',(9.828721869343E-1,-1.842885350503E-1,0.E0));
#409=VECTOR('',#408,7.443689490163E-1);
#410=CARTESIAN_POINT('',(9.268380463194E0,9.237178663151E0,-5.68E0));
#411=LINE('',#410,#409);
#412=DIRECTION('',(-1.E0,-4.945071325344E-13,0.E0));
#413=VECTOR('',#412,4.849438108E-2);
#414=CARTESIAN_POINT('',(1.004849438108E1,5.9E0,-5.68E0));
#415=LINE('',#414,#413);
#416=DIRECTION('',(-9.000207986295E-13,1.326346440086E-12,-1.E0));
#417=VECTOR('',#416,1.5E-1);
#418=CARTESIAN_POINT('',(9.999999999999E0,5.9E0,-5.68E0));
#419=LINE('',#418,#417);
#420=DIRECTION('',(-2.688220016959E-12,-1.225686219186E-12,1.E0));
#421=VECTOR('',#420,1.5E-1);
#422=CARTESIAN_POINT('',(1.004849438108E1,5.9E0,-5.83E0));
#423=LINE('',#422,#421);
#424=DIRECTION('',(-1.E0,-1.648357108430E-13,-1.831507898255E-14));
#425=VECTOR('',#424,4.849438108054E-2);
#426=CARTESIAN_POINT('',(1.004849438108E1,5.9E0,-5.83E0));
#427=LINE('',#426,#425);
#428=DIRECTION('',(8.660254037774E-1,-5.000000000121E-1,-3.628723240589E-14));
#429=VECTOR('',#428,2.447633398341E-2);
#430=CARTESIAN_POINT('',(9.999999999999E0,5.9E0,-5.83E0));
#431=LINE('',#430,#429);
#432=CARTESIAN_POINT('',(8.807570806181E0,8.631319952196E0,-5.83E0));
#433=DIRECTION('',(0.E0,0.E0,1.E0));
#434=DIRECTION('',(4.045421069464E-1,-9.145193730629E-1,0.E0));
#435=AXIS2_PLACEMENT_3D('',#432,#433,#434);
#437=DIRECTION('',(1.E0,0.E0,0.E0));
#438=VECTOR('',#437,3.899999999999E0);
#439=CARTESIAN_POINT('',(8.700000000001E0,1.12E1,-5.68E0));
#440=LINE('',#439,#438);
#441=DIRECTION('',(1.E0,0.E0,0.E0));
#442=VECTOR('',#441,3.899999999999E0);
#443=CARTESIAN_POINT('',(8.700000000001E0,1.24E1,-6.88E0));
#444=LINE('',#443,#442);
#445=DIRECTION('',(0.E0,1.E0,0.E0));
#446=VECTOR('',#445,1.2E0);
#447=CARTESIAN_POINT('',(1.26E1,1.24E1,-6.88E0));
#448=LINE('',#447,#446);
#449=DIRECTION('',(-1.E0,0.E0,0.E0));
#450=VECTOR('',#449,3.899999999999E0);
#451=CARTESIAN_POINT('',(1.26E1,1.36E1,-6.88E0));
#452=LINE('',#451,#450);
#453=DIRECTION('',(0.E0,-1.E0,0.E0));
#454=VECTOR('',#453,1.2E0);
#455=CARTESIAN_POINT('',(8.700000000001E0,1.36E1,-6.88E0));
#456=LINE('',#455,#454);
#457=DIRECTION('',(0.E0,-1.E0,0.E0));
#458=VECTOR('',#457,8.E-1);
#459=CARTESIAN_POINT('',(8.700000000001E0,1.2E1,-5.68E0));
#460=LINE('',#459,#458);
#461=DIRECTION('',(0.E0,7.071067811865E-1,-7.071067811865E-1));
#462=VECTOR('',#461,1.697056274848E0);
#463=CARTESIAN_POINT('',(8.700000000001E0,1.12E1,-5.68E0));
#464=LINE('',#463,#462);
#465=DIRECTION('',(0.E0,0.E0,1.E0));
#466=VECTOR('',#465,1.8E0);
#467=CARTESIAN_POINT('',(8.700000000001E0,1.36E1,-6.88E0));
#468=LINE('',#467,#466);
#469=DIRECTION('',(-1.302661682227E-12,-3.022767221713E-12,-1.E0));
#470=VECTOR('',#469,6.E-1);
#471=CARTESIAN_POINT('',(8.400000000001E0,1.154174243050E1,-5.08E0));
#472=LINE('',#471,#470);
#473=DIRECTION('',(0.E0,0.E0,1.E0));
#474=VECTOR('',#473,6.E-1);
#475=CARTESIAN_POINT('',(8.700000000001E0,1.2E1,-5.68E0));
#476=LINE('',#475,#474);
#477=DIRECTION('',(7.071067811863E-1,7.071067811868E-1,0.E0));
#478=VECTOR('',#477,2.828427124734E-1);
#479=CARTESIAN_POINT('',(8.400000000001E0,1.17E1,-7.18E0));
#480=LINE('',#479,#478);
#481=DIRECTION('',(-2.442490654175E-14,-1.E0,-3.588795927100E-13));
#482=VECTOR('',#481,3.200000000001E0);
#483=CARTESIAN_POINT('',(9.999999999999E0,1.36E1,-7.18E0));
#484=LINE('',#483,#482);
#485=DIRECTION('',(-9.828721869343E-1,1.842885350505E-1,6.023464473737E-13));
#486=VECTOR('',#485,1.627882059609E0);
#487=CARTESIAN_POINT('',(9.999999999999E0,1.04E1,-7.180000000001E0));
#488=LINE('',#487,#486);
#489=DIRECTION('',(2.291500322824E-13,1.E0,3.357314426464E-13));
#490=VECTOR('',#489,1.000000000001E0);
#491=CARTESIAN_POINT('',(8.4E0,1.07E1,-7.18E0));
#492=LINE('',#491,#490);
#493=DIRECTION('',(2.216216628204E-13,1.102187124637E-12,1.E0));
#494=VECTOR('',#493,2.1E0);
#495=CARTESIAN_POINT('',(8.400000000001E0,1.17E1,-7.18E0));
#496=LINE('',#495,#494);
#497=DIRECTION('',(-1.191203998186E-13,-1.E0,0.E0));
#498=VECTOR('',#497,1.7E0);
#499=CARTESIAN_POINT('',(8.6E0,1.36E1,-7.18E0));
#500=LINE('',#499,#498);
#501=DIRECTION('',(1.776356839400E-13,-2.266969680758E-13,1.E0));
#502=VECTOR('',#501,2.1E0);
#503=CARTESIAN_POINT('',(8.6E0,1.19E1,-7.18E0));
#504=LINE('',#503,#502);
#505=CARTESIAN_POINT('',(1.060406385743E1,5.094055892325E0,-7.62E0));
#506=DIRECTION('',(0.E0,0.E0,1.E0));
#507=DIRECTION('',(4.948680392966E-1,-8.689681373231E-1,0.E0));
#508=AXIS2_PLACEMENT_3D('',#505,#506,#507);
#510=DIRECTION('',(-8.660254037894E-1,4.999999999914E-1,0.E0));
#511=VECTOR('',#510,9.261066998901E-1);
#512=CARTESIAN_POINT('',(1.080203192872E1,5.436946650063E0,-7.62E0));
#513=LINE('',#512,#511);
#514=DIRECTION('',(-1.983982963486E-14,1.E0,0.E0));
#515=VECTOR('',#514,7.7E0);
#516=CARTESIAN_POINT('',(9.999999999999E0,5.9E0,-7.62E0));
#517=LINE('',#516,#515);
#518=DIRECTION('',(-1.E0,0.E0,0.E0));
#519=VECTOR('',#518,5.199999999999E0);
#520=CARTESIAN_POINT('',(9.999999999999E0,1.36E1,-7.62E0));
#521=LINE('',#520,#519);
#522=DIRECTION('',(-2.500222251456E-12,-1.E0,0.E0));
#523=VECTOR('',#522,2.E-1);
#524=CARTESIAN_POINT('',(4.8E0,1.36E1,-7.62E0));
#525=LINE('',#524,#523);
#526=DIRECTION('',(-1.E0,0.E0,0.E0));
#527=VECTOR('',#526,4.799999999999E0);
#528=CARTESIAN_POINT('',(4.799999999999E0,1.34E1,-7.62E0));
#529=LINE('',#528,#527);
#530=DIRECTION('',(0.E0,-1.E0,0.E0));
#531=VECTOR('',#530,3.95E0);
#532=CARTESIAN_POINT('',(3.335109965974E-13,1.34E1,-7.62E0));
#533=LINE('',#532,#531);
#534=DIRECTION('',(1.E0,0.E0,0.E0));
#535=VECTOR('',#534,3.E-1);
#536=CARTESIAN_POINT('',(3.333537150022E-13,9.45E0,-7.62E0));
#537=LINE('',#536,#535);
#538=DIRECTION('',(0.E0,-1.E0,0.E0));
#539=VECTOR('',#538,2.7E0);
#540=CARTESIAN_POINT('',(3.000000000004E-1,9.45E0,-7.62E0));
#541=LINE('',#540,#539);
#542=DIRECTION('',(0.E0,1.E0,0.E0));
#543=VECTOR('',#542,2.7E0);
#544=CARTESIAN_POINT('',(3.000000000004E-1,1.67E0,-7.62E0));
#545=LINE('',#544,#543);
#546=DIRECTION('',(0.E0,0.E0,1.E0));
#547=VECTOR('',#546,5.E-1);
#548=CARTESIAN_POINT('',(3.000000000004E-1,3.37E0,-6.97E0));
#549=LINE('',#548,#547);
#550=DIRECTION('',(-9.615239476409E-1,2.747211278970E-1,0.E0));
#551=VECTOR('',#550,7.280109889287E-1);
#552=CARTESIAN_POINT('',(-2.499999999999E0,2.67E0,-6.47E0));
#553=LINE('',#552,#551);
#554=DIRECTION('',(9.615239476409E-1,2.747211278970E-1,0.E0));
#555=VECTOR('',#554,7.280109889287E-1);
#556=CARTESIAN_POINT('',(-3.2E0,3.17E0,-6.47E0));
#557=LINE('',#556,#555);
#558=DIRECTION('',(1.E0,1.348127958474E-14,0.E0));
#559=VECTOR('',#558,2.799999999999E0);
#560=CARTESIAN_POINT('',(-2.499999999999E0,3.37E0,-6.47E0));
#561=LINE('',#560,#559);
#562=DIRECTION('',(0.E0,-1.E0,0.E0));
#563=VECTOR('',#562,7.E-1);
#564=CARTESIAN_POINT('',(3.000000000004E-1,3.37E0,-6.47E0));
#565=LINE('',#564,#563);
#566=DIRECTION('',(1.E0,-1.363988287397E-14,0.E0));
#567=VECTOR('',#566,2.799999999999E0);
#568=CARTESIAN_POINT('',(-2.499999999999E0,2.67E0,-6.47E0));
#569=LINE('',#568,#567);
#570=DIRECTION('',(0.E0,0.E0,-1.E0));
#571=VECTOR('',#570,5.E-1);
#572=CARTESIAN_POINT('',(3.000000000004E-1,2.67E0,-6.47E0));
#573=LINE('',#572,#571);
#574=DIRECTION('',(1.E0,-1.363988287397E-14,0.E0));
#575=VECTOR('',#574,2.799999999999E0);
#576=CARTESIAN_POINT('',(-2.499999999999E0,2.67E0,-6.97E0));
#577=LINE('',#576,#575);
#578=DIRECTION('',(0.E0,1.E0,0.E0));
#579=VECTOR('',#578,7.E-1);
#580=CARTESIAN_POINT('',(3.000000000004E-1,2.67E0,-6.97E0));
#581=LINE('',#580,#579);
#582=DIRECTION('',(-1.E0,-4.504333414193E-14,0.E0));
#583=VECTOR('',#582,2.8E0);
#584=CARTESIAN_POINT('',(3.000000000004E-1,3.37E0,-6.97E0));
#585=LINE('',#584,#583);
#586=DIRECTION('',(-9.615239476409E-1,-2.747211278972E-1,0.E0));
#587=VECTOR('',#586,7.280109889279E-1);
#588=CARTESIAN_POINT('',(-2.5E0,3.37E0,-6.97E0));
#589=LINE('',#588,#587);
#590=DIRECTION('',(9.615239476409E-1,-2.747211278970E-1,0.E0));
#591=VECTOR('',#590,7.280109889287E-1);
#592=CARTESIAN_POINT('',(-3.2E0,2.87E0,-6.97E0));
#593=LINE('',#592,#591);
#594=DIRECTION('',(1.616484723854E-12,1.767475055203E-13,1.E0));
#595=VECTOR('',#594,5.E-1);
#596=CARTESIAN_POINT('',(-2.5E0,3.37E0,-6.97E0));
#597=LINE('',#596,#595);
#598=DIRECTION('',(0.E0,-1.E0,0.E0));
#599=VECTOR('',#598,3.000000000001E-1);
#600=CARTESIAN_POINT('',(-3.2E0,3.17E0,-6.47E0));
#601=LINE('',#600,#599);
#602=DIRECTION('',(0.E0,1.E0,0.E0));
#603=VECTOR('',#602,3.000000000001E-1);
#604=CARTESIAN_POINT('',(-3.2E0,2.87E0,-6.97E0));
#605=LINE('',#604,#603);
#606=DIRECTION('',(0.E0,0.E0,1.E0));
#607=VECTOR('',#606,5.E-1);
#608=CARTESIAN_POINT('',(-3.2E0,3.17E0,-6.97E0));
#609=LINE('',#608,#607);
#610=DIRECTION('',(0.E0,0.E0,-1.E0));
#611=VECTOR('',#610,5.E-1);
#612=CARTESIAN_POINT('',(-2.499999999999E0,2.67E0,-6.47E0));
#613=LINE('',#612,#611);
#614=DIRECTION('',(0.E0,0.E0,1.E0));
#615=VECTOR('',#614,5.E-1);
#616=CARTESIAN_POINT('',(-3.2E0,2.87E0,-6.97E0));
#617=LINE('',#616,#615);
#618=DIRECTION('',(0.E0,0.E0,1.E0));
#619=VECTOR('',#618,5.E-1);
#620=CARTESIAN_POINT('',(3.000000000004E-1,3.37E0,-4.43E0));
#621=LINE('',#620,#619);
#622=DIRECTION('',(-9.615239476409E-1,2.747211278970E-1,0.E0));
#623=VECTOR('',#622,7.280109889287E-1);
#624=CARTESIAN_POINT('',(-2.499999999999E0,2.67E0,-3.93E0));
#625=LINE('',#624,#623);
#626=DIRECTION('',(9.615239476409E-1,2.747211278970E-1,0.E0));
#627=VECTOR('',#626,7.280109889287E-1);
#628=CARTESIAN_POINT('',(-3.2E0,3.17E0,-3.93E0));
#629=LINE('',#628,#627);
#630=DIRECTION('',(1.E0,1.348127958474E-14,0.E0));
#631=VECTOR('',#630,2.799999999999E0);
#632=CARTESIAN_POINT('',(-2.499999999999E0,3.37E0,-3.93E0));
#633=LINE('',#632,#631);
#634=DIRECTION('',(0.E0,-1.E0,0.E0));
#635=VECTOR('',#634,7.E-1);
#636=CARTESIAN_POINT('',(3.000000000004E-1,3.37E0,-3.93E0));
#637=LINE('',#636,#635);
#638=DIRECTION('',(1.E0,-1.363988287397E-14,0.E0));
#639=VECTOR('',#638,2.799999999999E0);
#640=CARTESIAN_POINT('',(-2.499999999999E0,2.67E0,-3.93E0));
#641=LINE('',#640,#639);
#642=DIRECTION('',(0.E0,0.E0,-1.E0));
#643=VECTOR('',#642,5.E-1);
#644=CARTESIAN_POINT('',(3.000000000004E-1,2.67E0,-3.93E0));
#645=LINE('',#644,#643);
#646=DIRECTION('',(1.E0,-1.363988287397E-14,0.E0));
#647=VECTOR('',#646,2.799999999999E0);
#648=CARTESIAN_POINT('',(-2.499999999999E0,2.67E0,-4.43E0));
#649=LINE('',#648,#647);
#650=DIRECTION('',(0.E0,1.E0,0.E0));
#651=VECTOR('',#650,7.E-1);
#652=CARTESIAN_POINT('',(3.000000000004E-1,2.67E0,-4.43E0));
#653=LINE('',#652,#651);
#654=DIRECTION('',(-1.E0,-4.504333414193E-14,0.E0));
#655=VECTOR('',#654,2.8E0);
#656=CARTESIAN_POINT('',(3.000000000004E-1,3.37E0,-4.43E0));
#657=LINE('',#656,#655);
#658=DIRECTION('',(-9.615239476409E-1,-2.747211278972E-1,0.E0));
#659=VECTOR('',#658,7.280109889279E-1);
#660=CARTESIAN_POINT('',(-2.5E0,3.37E0,-4.43E0));
#661=LINE('',#660,#659);
#662=DIRECTION('',(9.615239476409E-1,-2.747211278970E-1,0.E0));
#663=VECTOR('',#662,7.280109889287E-1);
#664=CARTESIAN_POINT('',(-3.2E0,2.87E0,-4.43E0));
#665=LINE('',#664,#663);
#666=DIRECTION('',(1.617372902274E-12,1.767475055203E-13,1.E0));
#667=VECTOR('',#666,5.E-1);
#668=CARTESIAN_POINT('',(-2.5E0,3.37E0,-4.43E0));
#669=LINE('',#668,#667);
#670=DIRECTION('',(0.E0,-1.E0,0.E0));
#671=VECTOR('',#670,3.000000000001E-1);
#672=CARTESIAN_POINT('',(-3.2E0,3.17E0,-3.93E0));
#673=LINE('',#672,#671);
#674=DIRECTION('',(0.E0,1.E0,0.E0));
#675=VECTOR('',#674,3.000000000001E-1);
#676=CARTESIAN_POINT('',(-3.2E0,2.87E0,-4.43E0));
#677=LINE('',#676,#675);
#678=DIRECTION('',(0.E0,0.E0,1.E0));
#679=VECTOR('',#678,5.E-1);
#680=CARTESIAN_POINT('',(-3.2E0,3.17E0,-4.43E0));
#681=LINE('',#680,#679);
#682=DIRECTION('',(0.E0,0.E0,-1.E0));
#683=VECTOR('',#682,5.E-1);
#684=CARTESIAN_POINT('',(-2.499999999999E0,2.67E0,-3.93E0));
#685=LINE('',#684,#683);
#686=DIRECTION('',(0.E0,0.E0,1.E0));
#687=VECTOR('',#686,5.E-1);
#688=CARTESIAN_POINT('',(-3.2E0,2.87E0,-4.43E0));
#689=LINE('',#688,#687);
#690=DIRECTION('',(1.E0,0.E0,0.E0));
#691=VECTOR('',#690,3.E-1);
#692=CARTESIAN_POINT('',(3.342511452805E-13,1.67E0,-7.62E0));
#693=LINE('',#692,#691);
#694=DIRECTION('',(-3.497493924689E-14,0.E0,1.E0));
#695=VECTOR('',#694,7.62E0);
#696=CARTESIAN_POINT('',(3.000000000004E-1,1.67E0,-7.62E0));
#697=LINE('',#696,#695);
#698=DIRECTION('',(0.E0,1.E0,0.E0));
#699=VECTOR('',#698,1.67E0);
#700=CARTESIAN_POINT('',(3.346952344903E-13,0.E0,-7.62E0));
#701=LINE('',#700,#699);
#702=DIRECTION('',(-4.378848795178E-14,0.E0,1.E0));
#703=VECTOR('',#702,7.62E0);
#704=CARTESIAN_POINT('',(3.342511452805E-13,1.67E0,-7.62E0));
#705=LINE('',#704,#703);
#706=DIRECTION('',(-1.E0,0.E0,0.E0));
#707=VECTOR('',#706,1.08E1);
#708=CARTESIAN_POINT('',(1.08E1,0.E0,-7.62E0));
#709=LINE('',#708,#707);
#710=DIRECTION('',(-4.387954955157E-14,0.E0,1.E0));
#711=VECTOR('',#710,7.62E0);
#712=CARTESIAN_POINT('',(3.346952344903E-13,0.E0,-7.62E0));
#713=LINE('',#712,#711);
#714=DIRECTION('',(1.E0,0.E0,0.E0));
#715=VECTOR('',#714,2.7E0);
#716=CARTESIAN_POINT('',(1.45E0,0.E0,-2.54E0));
#717=LINE('',#716,#715);
#718=DIRECTION('',(0.E0,0.E0,1.E0));
#719=VECTOR('',#718,2.54E0);
#720=CARTESIAN_POINT('',(4.15E0,0.E0,-2.54E0));
#721=LINE('',#720,#719);
#722=DIRECTION('',(1.E0,0.E0,0.E0));
#723=VECTOR('',#722,2.7E0);
#724=CARTESIAN_POINT('',(6.53E0,0.E0,-2.54E0));
#725=LINE('',#724,#723);
#726=DIRECTION('',(0.E0,0.E0,1.E0));
#727=VECTOR('',#726,2.54E0);
#728=CARTESIAN_POINT('',(9.23E0,0.E0,-2.54E0));
#729=LINE('',#728,#727);
#730=DIRECTION('',(-6.776333879978E-13,-1.E0,0.E0));
#731=VECTOR('',#730,4.750000000006E0);
#732=CARTESIAN_POINT('',(1.08E1,4.750000000006E0,-7.62E0));
#733=LINE('',#732,#731);
#734=DIRECTION('',(0.E0,0.E0,1.E0));
#735=VECTOR('',#734,7.62E0);
#736=CARTESIAN_POINT('',(1.08E1,0.E0,-7.62E0));
#737=LINE('',#736,#735);
#738=DIRECTION('',(-3.121445942201E-13,1.258952114328E-12,1.E0));
#739=VECTOR('',#738,7.62E0);
#740=CARTESIAN_POINT('',(1.08E1,4.750000000006E0,-7.62E0));
#741=LINE('',#740,#739);
#742=CARTESIAN_POINT('',(1.060406385743E1,5.094055892325E0,0.E0));
#743=DIRECTION('',(0.E0,0.E0,1.E0));
#744=DIRECTION('',(4.948680393160E-1,-8.689681373121E-1,0.E0));
#745=AXIS2_PLACEMENT_3D('',#742,#743,#744);
#747=DIRECTION('',(0.E0,1.E0,0.E0));
#748=VECTOR('',#747,2.E-1);
#749=CARTESIAN_POINT('',(4.8E0,1.34E1,0.E0));
#750=LINE('',#749,#748);
#751=DIRECTION('',(1.E0,0.E0,0.E0));
#752=VECTOR('',#751,5.2E0);
#753=CARTESIAN_POINT('',(4.8E0,1.36E1,0.E0));
#754=LINE('',#753,#752);
#755=DIRECTION('',(2.768348321143E-14,-1.E0,0.E0));
#756=VECTOR('',#755,7.700000000001E0);
#757=CARTESIAN_POINT('',(1.E1,1.36E1,0.E0));
#758=LINE('',#757,#756);
#759=DIRECTION('',(8.660254037912E-1,-4.999999999883E-1,0.E0));
#760=VECTOR('',#759,9.261066999189E-1);
#761=CARTESIAN_POINT('',(1.E1,5.899999999999E0,0.E0));
#762=LINE('',#761,#760);
#763=DIRECTION('',(-1.768877442176E-13,-1.E0,0.E0));
#764=VECTOR('',#763,4.750000000015E0);
#765=CARTESIAN_POINT('',(1.08E1,4.750000000015E0,0.E0));
#766=LINE('',#765,#764);
#767=DIRECTION('',(-1.E0,0.E0,0.E0));
#768=VECTOR('',#767,1.57E0);
#769=CARTESIAN_POINT('',(1.08E1,0.E0,0.E0));
#770=LINE('',#769,#768);
#771=DIRECTION('',(0.E0,1.E0,0.E0));
#772=VECTOR('',#771,3.E-1);
#773=CARTESIAN_POINT('',(9.23E0,0.E0,0.E0));
#774=LINE('',#773,#772);
#775=DIRECTION('',(-1.E0,0.E0,0.E0));
#776=VECTOR('',#775,2.7E0);
#777=CARTESIAN_POINT('',(9.23E0,3.E-1,0.E0));
#778=LINE('',#777,#776);
#779=DIRECTION('',(0.E0,-1.E0,0.E0));
#780=VECTOR('',#779,3.E-1);
#781=CARTESIAN_POINT('',(6.53E0,3.E-1,0.E0));
#782=LINE('',#781,#780);
#783=DIRECTION('',(-1.E0,0.E0,0.E0));
#784=VECTOR('',#783,2.38E0);
#785=CARTESIAN_POINT('',(6.53E0,0.E0,0.E0));
#786=LINE('',#785,#784);
#787=DIRECTION('',(0.E0,1.E0,0.E0));
#788=VECTOR('',#787,3.E-1);
#789=CARTESIAN_POINT('',(4.15E0,0.E0,0.E0));
#790=LINE('',#789,#788);
#791=DIRECTION('',(-1.E0,0.E0,0.E0));
#792=VECTOR('',#791,2.7E0);
#793=CARTESIAN_POINT('',(4.15E0,3.E-1,0.E0));
#794=LINE('',#793,#792);
#795=DIRECTION('',(0.E0,-1.E0,0.E0));
#796=VECTOR('',#795,3.E-1);
#797=CARTESIAN_POINT('',(1.45E0,3.E-1,0.E0));
#798=LINE('',#797,#796);
#799=DIRECTION('',(-1.E0,0.E0,0.E0));
#800=VECTOR('',#799,1.45E0);
#801=CARTESIAN_POINT('',(1.45E0,0.E0,0.E0));
#802=LINE('',#801,#800);
#803=DIRECTION('',(0.E0,1.E0,0.E0));
#804=VECTOR('',#803,1.67E0);
#805=CARTESIAN_POINT('',(0.E0,0.E0,0.E0));
#806=LINE('',#805,#804);
#807=DIRECTION('',(1.E0,0.E0,0.E0));
#808=VECTOR('',#807,3.000000000001E-1);
#809=CARTESIAN_POINT('',(0.E0,1.67E0,0.E0));
#810=LINE('',#809,#808);
#811=DIRECTION('',(0.E0,1.E0,0.E0));
#812=VECTOR('',#811,2.7E0);
#813=CARTESIAN_POINT('',(3.000000000001E-1,1.67E0,0.E0));
#814=LINE('',#813,#812);
#815=DIRECTION('',(-1.E0,0.E0,0.E0));
#816=VECTOR('',#815,3.000000000001E-1);
#817=CARTESIAN_POINT('',(3.000000000001E-1,4.37E0,0.E0));
#818=LINE('',#817,#816);
#819=DIRECTION('',(0.E0,1.E0,0.E0));
#820=VECTOR('',#819,2.38E0);
#821=CARTESIAN_POINT('',(0.E0,4.37E0,0.E0));
#822=LINE('',#821,#820);
#823=DIRECTION('',(1.E0,0.E0,0.E0));
#824=VECTOR('',#823,3.000000000001E-1);
#825=CARTESIAN_POINT('',(0.E0,6.75E0,0.E0));
#826=LINE('',#825,#824);
#827=DIRECTION('',(0.E0,1.E0,0.E0));
#828=VECTOR('',#827,2.7E0);
#829=CARTESIAN_POINT('',(3.000000000001E-1,6.75E0,0.E0));
#830=LINE('',#829,#828);
#831=DIRECTION('',(-1.E0,0.E0,0.E0));
#832=VECTOR('',#831,3.000000000001E-1);
#833=CARTESIAN_POINT('',(3.000000000001E-1,9.45E0,0.E0));
#834=LINE('',#833,#832);
#835=DIRECTION('',(0.E0,1.E0,0.E0));
#836=VECTOR('',#835,3.95E0);
#837=CARTESIAN_POINT('',(0.E0,9.45E0,0.E0));
#838=LINE('',#837,#836);
#839=DIRECTION('',(1.E0,0.E0,0.E0));
#840=VECTOR('',#839,4.8E0);
#841=CARTESIAN_POINT('',(0.E0,1.34E1,0.E0));
#842=LINE('',#841,#840);
#843=DIRECTION('',(0.E0,0.E0,1.E0));
#844=VECTOR('',#843,7.62E0);
#845=CARTESIAN_POINT('',(4.8E0,1.36E1,-7.62E0));
#846=LINE('',#845,#844);
#847=DIRECTION('',(6.562263127181E-14,0.E0,1.E0));
#848=VECTOR('',#847,7.62E0);
#849=CARTESIAN_POINT('',(4.799999999999E0,1.34E1,-7.62E0));
#850=LINE('',#849,#848);
#851=DIRECTION('',(-4.369014142401E-14,0.E0,1.E0));
#852=VECTOR('',#851,7.62E0);
#853=CARTESIAN_POINT('',(3.335109965974E-13,1.34E1,-7.62E0));
#854=LINE('',#853,#852);
#855=DIRECTION('',(-4.371078205329E-14,0.E0,1.E0));
#856=VECTOR('',#855,7.62E0);
#857=CARTESIAN_POINT('',(3.333537150022E-13,9.45E0,-7.62E0));
#858=LINE('',#857,#856);
#859=DIRECTION('',(-3.509878302260E-14,0.E0,1.E0));
#860=VECTOR('',#859,7.62E0);
#861=CARTESIAN_POINT('',(3.000000000004E-1,9.45E0,-7.62E0));
#862=LINE('',#861,#860);
#863=DIRECTION('',(0.E0,0.E0,1.E0));
#864=VECTOR('',#863,5.E-1);
#865=CARTESIAN_POINT('',(3.000000000004E-1,8.45E0,-6.97E0));
#866=LINE('',#865,#864);
#867=DIRECTION('',(-9.615239476409E-1,2.747211278970E-1,0.E0));
#868=VECTOR('',#867,7.280109889287E-1);
#869=CARTESIAN_POINT('',(-2.499999999999E0,7.75E0,-6.47E0));
#870=LINE('',#869,#868);
#871=DIRECTION('',(9.615239476409E-1,2.747211278970E-1,0.E0));
#872=VECTOR('',#871,7.280109889287E-1);
#873=CARTESIAN_POINT('',(-3.2E0,8.25E0,-6.47E0));
#874=LINE('',#873,#872);
#875=DIRECTION('',(1.E0,1.332267629550E-14,0.E0));
#876=VECTOR('',#875,2.799999999999E0);
#877=CARTESIAN_POINT('',(-2.499999999999E0,8.45E0,-6.47E0));
#878=LINE('',#877,#876);
#879=DIRECTION('',(0.E0,-1.E0,0.E0));
#880=VECTOR('',#879,7.E-1);
#881=CARTESIAN_POINT('',(3.000000000004E-1,8.45E0,-6.47E0));
#882=LINE('',#881,#880);
#883=DIRECTION('',(1.E0,-1.332267629550E-14,0.E0));
#884=VECTOR('',#883,2.799999999999E0);
#885=CARTESIAN_POINT('',(-2.499999999999E0,7.75E0,-6.47E0));
#886=LINE('',#885,#884);
#887=DIRECTION('',(0.E0,0.E0,-1.E0));
#888=VECTOR('',#887,5.E-1);
#889=CARTESIAN_POINT('',(3.000000000004E-1,7.75E0,-6.47E0));
#890=LINE('',#889,#888);
#891=DIRECTION('',(1.E0,-1.332267629550E-14,0.E0));
#892=VECTOR('',#891,2.799999999999E0);
#893=CARTESIAN_POINT('',(-2.499999999999E0,7.75E0,-6.97E0));
#894=LINE('',#893,#892);
#895=DIRECTION('',(0.E0,1.E0,0.E0));
#896=VECTOR('',#895,7.E-1);
#897=CARTESIAN_POINT('',(3.000000000004E-1,7.75E0,-6.97E0));
#898=LINE('',#897,#896);
#899=DIRECTION('',(-1.E0,-4.440892098500E-14,0.E0));
#900=VECTOR('',#899,2.8E0);
#901=CARTESIAN_POINT('',(3.000000000004E-1,8.45E0,-6.97E0));
#902=LINE('',#901,#900);
#903=DIRECTION('',(-9.615239476409E-1,-2.747211278972E-1,0.E0));
#904=VECTOR('',#903,7.280109889279E-1);
#905=CARTESIAN_POINT('',(-2.5E0,8.45E0,-6.97E0));
#906=LINE('',#905,#904);
#907=DIRECTION('',(9.615239476409E-1,-2.747211278970E-1,0.E0));
#908=VECTOR('',#907,7.280109889287E-1);
#909=CARTESIAN_POINT('',(-3.2E0,7.95E0,-6.97E0));
#910=LINE('',#909,#908);
#911=DIRECTION('',(1.616484723854E-12,1.811883976188E-13,1.E0));
#912=VECTOR('',#911,5.E-1);
#913=CARTESIAN_POINT('',(-2.5E0,8.45E0,-6.97E0));
#914=LINE('',#913,#912);
#915=DIRECTION('',(0.E0,-1.E0,0.E0));
#916=VECTOR('',#915,3.000000000001E-1);
#917=CARTESIAN_POINT('',(-3.2E0,8.25E0,-6.47E0));
#918=LINE('',#917,#916);
#919=DIRECTION('',(0.E0,1.E0,0.E0));
#920=VECTOR('',#919,3.000000000001E-1);
#921=CARTESIAN_POINT('',(-3.2E0,7.95E0,-6.97E0));
#922=LINE('',#921,#920);
#923=DIRECTION('',(0.E0,0.E0,1.E0));
#924=VECTOR('',#923,5.E-1);
#925=CARTESIAN_POINT('',(-3.2E0,8.25E0,-6.97E0));
#926=LINE('',#925,#924);
#927=DIRECTION('',(0.E0,0.E0,-1.E0));
#928=VECTOR('',#927,5.E-1);
#929=CARTESIAN_POINT('',(-2.499999999999E0,7.75E0,-6.47E0));
#930=LINE('',#929,#928);
#931=DIRECTION('',(0.E0,0.E0,1.E0));
#932=VECTOR('',#931,5.E-1);
#933=CARTESIAN_POINT('',(-3.2E0,7.95E0,-6.97E0));
#934=LINE('',#933,#932);
#935=DIRECTION('',(0.E0,0.E0,1.E0));
#936=VECTOR('',#935,5.E-1);
#937=CARTESIAN_POINT('',(3.000000000004E-1,8.45E0,-4.43E0));
#938=LINE('',#937,#936);
#939=DIRECTION('',(-9.615239476409E-1,2.747211278970E-1,0.E0));
#940=VECTOR('',#939,7.280109889287E-1);
#941=CARTESIAN_POINT('',(-2.499999999999E0,7.75E0,-3.93E0));
#942=LINE('',#941,#940);
#943=DIRECTION('',(9.615239476409E-1,2.747211278970E-1,0.E0));
#944=VECTOR('',#943,7.280109889287E-1);
#945=CARTESIAN_POINT('',(-3.2E0,8.25E0,-3.93E0));
#946=LINE('',#945,#944);
#947=DIRECTION('',(1.E0,1.332267629550E-14,0.E0));
#948=VECTOR('',#947,2.799999999999E0);
#949=CARTESIAN_POINT('',(-2.499999999999E0,8.45E0,-3.93E0));
#950=LINE('',#949,#948);
#951=DIRECTION('',(0.E0,-1.E0,0.E0));
#952=VECTOR('',#951,7.E-1);
#953=CARTESIAN_POINT('',(3.000000000004E-1,8.45E0,-3.93E0));
#954=LINE('',#953,#952);
#955=DIRECTION('',(1.E0,-1.332267629550E-14,0.E0));
#956=VECTOR('',#955,2.799999999999E0);
#957=CARTESIAN_POINT('',(-2.499999999999E0,7.75E0,-3.93E0));
#958=LINE('',#957,#956);
#959=DIRECTION('',(0.E0,0.E0,-1.E0));
#960=VECTOR('',#959,5.E-1);
#961=CARTESIAN_POINT('',(3.000000000004E-1,7.75E0,-3.93E0));
#962=LINE('',#961,#960);
#963=DIRECTION('',(1.E0,-1.332267629550E-14,0.E0));
#964=VECTOR('',#963,2.799999999999E0);
#965=CARTESIAN_POINT('',(-2.499999999999E0,7.75E0,-4.43E0));
#966=LINE('',#965,#964);
#967=DIRECTION('',(0.E0,1.E0,0.E0));
#968=VECTOR('',#967,7.E-1);
#969=CARTESIAN_POINT('',(3.000000000004E-1,7.75E0,-4.43E0));
#970=LINE('',#969,#968);
#971=DIRECTION('',(-1.E0,-4.440892098500E-14,0.E0));
#972=VECTOR('',#971,2.8E0);
#973=CARTESIAN_POINT('',(3.000000000004E-1,8.45E0,-4.43E0));
#974=LINE('',#973,#972);
#975=DIRECTION('',(-9.615239476409E-1,-2.747211278972E-1,0.E0));
#976=VECTOR('',#975,7.280109889279E-1);
#977=CARTESIAN_POINT('',(-2.5E0,8.45E0,-4.43E0));
#978=LINE('',#977,#976);
#979=DIRECTION('',(9.615239476409E-1,-2.747211278970E-1,0.E0));
#980=VECTOR('',#979,7.280109889287E-1);
#981=CARTESIAN_POINT('',(-3.2E0,7.95E0,-4.43E0));
#982=LINE('',#981,#980);
#983=DIRECTION('',(1.616484723854E-12,1.811883976188E-13,1.E0));
#984=VECTOR('',#983,5.E-1);
#985=CARTESIAN_POINT('',(-2.5E0,8.45E0,-4.43E0));
#986=LINE('',#985,#984);
#987=DIRECTION('',(0.E0,-1.E0,0.E0));
#988=VECTOR('',#987,3.000000000001E-1);
#989=CARTESIAN_POINT('',(-3.2E0,8.25E0,-3.93E0));
#990=LINE('',#989,#988);
#991=DIRECTION('',(0.E0,1.E0,0.E0));
#992=VECTOR('',#991,3.000000000001E-1);
#993=CARTESIAN_POINT('',(-3.2E0,7.95E0,-4.43E0));
#994=LINE('',#993,#992);
#995=DIRECTION('',(0.E0,0.E0,1.E0));
#996=VECTOR('',#995,5.E-1);
#997=CARTESIAN_POINT('',(-3.2E0,8.25E0,-4.43E0));
#998=LINE('',#997,#996);
#999=DIRECTION('',(0.E0,0.E0,-1.E0));
#1000=VECTOR('',#999,5.E-1);
#1001=CARTESIAN_POINT('',(-2.499999999999E0,7.75E0,-3.93E0));
#1002=LINE('',#1001,#1000);
#1003=DIRECTION('',(0.E0,0.E0,1.E0));
#1004=VECTOR('',#1003,5.E-1);
#1005=CARTESIAN_POINT('',(-3.2E0,7.95E0,-4.43E0));
#1006=LINE('',#1005,#1004);
#1007=DIRECTION('',(4.367192910405E-14,0.E0,-1.E0));
#1008=VECTOR('',#1007,7.62E0);
#1009=CARTESIAN_POINT('',(0.E0,6.75E0,0.E0));
#1010=LINE('',#1009,#1008);
#1011=DIRECTION('',(1.E0,0.E0,0.E0));
#1012=VECTOR('',#1011,3.E-1);
#1013=CARTESIAN_POINT('',(3.333629668608E-13,6.75E0,-7.62E0));
#1014=LINE('',#1013,#1012);
#1015=DIRECTION('',(-3.497493924689E-14,0.E0,1.E0));
#1016=VECTOR('',#1015,7.62E0);
#1017=CARTESIAN_POINT('',(3.000000000004E-1,6.75E0,-7.62E0));
#1018=LINE('',#1017,#1016);
#1019=DIRECTION('',(4.371078205329E-14,0.E0,-1.E0));
#1020=VECTOR('',#1019,7.62E0);
#1021=CARTESIAN_POINT('',(0.E0,4.37E0,0.E0));
#1022=LINE('',#1021,#1020);
#1023=DIRECTION('',(0.E0,1.E0,0.E0));
#1024=VECTOR('',#1023,2.38E0);
#1025=CARTESIAN_POINT('',(3.333537150022E-13,4.37E0,-7.62E0));
#1026=LINE('',#1025,#1024);
#1027=DIRECTION('',(3.509878302260E-14,0.E0,-1.E0));
#1028=VECTOR('',#1027,7.62E0);
#1029=CARTESIAN_POINT('',(3.000000000001E-1,4.37E0,0.E0));
#1030=LINE('',#1029,#1028);
#1031=DIRECTION('',(-1.E0,0.E0,0.E0));
#1032=VECTOR('',#1031,3.E-1);
#1033=CARTESIAN_POINT('',(3.000000000004E-1,4.37E0,-7.62E0));
#1034=LINE('',#1033,#1032);
#1035=DIRECTION('',(0.E0,1.E0,0.E0));
#1036=VECTOR('',#1035,7.7E0);
#1037=CARTESIAN_POINT('',(1.E1,5.9E0,-2.54E0));
#1038=LINE('',#1037,#1036);
#1039=DIRECTION('',(-5.000000000004E-1,-8.660254037842E-1,0.E0));
#1040=VECTOR('',#1039,2.388705964937E0);
#1041=CARTESIAN_POINT('',(1.26E1,9.2E0,-2.54E0));
#1042=LINE('',#1041,#1040);
#1043=CARTESIAN_POINT('',(8.807570806181E0,8.631319952196E0,-2.54E0));
#1044=DIRECTION('',(0.E0,0.E0,-1.E0));
#1045=DIRECTION('',(8.660254037838E-1,-5.000000000011E-1,0.E0));
#1046=AXIS2_PLACEMENT_3D('',#1043,#1044,#1045);
#1048=DIRECTION('',(-3.673828917850E-14,1.E0,0.E0));
#1049=VECTOR('',#1048,4.4E0);
#1050=CARTESIAN_POINT('',(1.26E1,9.2E0,-2.54E0));
#1051=LINE('',#1050,#1049);
#1052=DIRECTION('',(0.E0,-7.071067811865E-1,7.071067811865E-1));
#1053=VECTOR('',#1052,1.697056274848E0);
#1054=CARTESIAN_POINT('',(1.26E1,1.24E1,-4.34E0));
#1055=LINE('',#1054,#1053);
#1056=DIRECTION('',(8.082423619271E-14,-1.E0,0.E0));
#1057=VECTOR('',#1056,2.E0);
#1058=CARTESIAN_POINT('',(1.26E1,1.12E1,-3.14E0));
#1059=LINE('',#1058,#1057);
#1060=DIRECTION('',(0.E0,0.E0,1.E0));
#1061=VECTOR('',#1060,6.E-1);
#1062=CARTESIAN_POINT('',(1.26E1,9.2E0,-3.14E0));
#1063=LINE('',#1062,#1061);
#1064=DIRECTION('',(1.E0,0.E0,0.E0));
#1065=VECTOR('',#1064,3.899999999999E0);
#1066=CARTESIAN_POINT('',(8.700000000001E0,1.24E1,-4.34E0));
#1067=LINE('',#1066,#1065);
#1068=DIRECTION('',(0.E0,1.E0,0.E0));
#1069=VECTOR('',#1068,1.2E0);
#1070=CARTESIAN_POINT('',(1.26E1,1.24E1,-4.34E0));
#1071=LINE('',#1070,#1069);
#1072=DIRECTION('',(-1.E0,0.E0,0.E0));
#1073=VECTOR('',#1072,3.899999999999E0);
#1074=CARTESIAN_POINT('',(1.26E1,1.36E1,-4.34E0));
#1075=LINE('',#1074,#1073);
#1076=DIRECTION('',(0.E0,-1.E0,0.E0));
#1077=VECTOR('',#1076,1.2E0);
#1078=CARTESIAN_POINT('',(8.700000000001E0,1.36E1,-4.34E0));
#1079=LINE('',#1078,#1077);
#1080=DIRECTION('',(1.E0,0.E0,0.E0));
#1081=VECTOR('',#1080,3.899999999999E0);
#1082=CARTESIAN_POINT('',(8.700000000001E0,1.12E1,-3.14E0));
#1083=LINE('',#1082,#1081);
#1084=CARTESIAN_POINT('',(8.807570806181E0,8.631319952196E0,-3.14E0));
#1085=DIRECTION('',(0.E0,0.E0,1.E0));
#1086=DIRECTION('',(4.136411916329E-1,-9.104399840651E-1,0.E0));
#1087=AXIS2_PLACEMENT_3D('',#1084,#1085,#1086);
#1089=DIRECTION('',(5.000000000001E-1,8.660254037844E-1,0.E0));
#1090=VECTOR('',#1089,2.388705964937E0);
#1091=CARTESIAN_POINT('',(1.140564701753E1,7.131319952193E0,-3.14E0));
#1092=LINE('',#1091,#1090);
#1093=CARTESIAN_POINT('',(8.200000000001E0,1.2E1,-3.14E0));
#1094=DIRECTION('',(0.E0,0.E0,-1.E0));
#1095=DIRECTION('',(1.E0,0.E0,0.E0));
#1096=AXIS2_PLACEMENT_3D('',#1093,#1094,#1095);
#1098=DIRECTION('',(-1.223793960919E-13,-1.E0,0.E0));
#1099=VECTOR('',#1098,9.289704096616E-1);
#1100=CARTESIAN_POINT('',(8.4E0,1.154174243050E1,-3.14E0));
#1101=LINE('',#1100,#1099);
#1102=CARTESIAN_POINT('',(8.462725307499E0,1.034071784309E1,-3.14E0));
#1103=DIRECTION('',(0.E0,0.E0,-1.E0));
#1104=DIRECTION('',(-2.246676167663E-1,9.744354580867E-1,0.E0));
#1105=AXIS2_PLACEMENT_3D('',#1102,#1103,#1104);
#1107=CARTESIAN_POINT('',(8.462725307499E0,1.034071784309E1,-3.14E0));
#1108=DIRECTION('',(0.E0,0.E0,-1.E0));
#1109=DIRECTION('',(-8.271251837667E-14,1.E0,0.E0));
#1110=AXIS2_PLACEMENT_3D('',#1107,#1108,#1109);
#1112=DIRECTION('',(4.121704717982E-1,-9.111067457645E-1,0.E0));
#1113=VECTOR('',#1112,1.337509256688E0);
#1114=CARTESIAN_POINT('',(8.717098641831E0,1.045579236944E1,-3.14E0));
#1115=LINE('',#1114,#1113);
#1116=DIRECTION('',(9.828721869343E-1,-1.842885350503E-1,0.E0));
#1117=VECTOR('',#1116,7.443689490163E-1);
#1118=CARTESIAN_POINT('',(9.268380463194E0,9.237178663151E0,-3.14E0));
#1119=LINE('',#1118,#1117);
#1120=DIRECTION('',(-1.E0,-4.945071325344E-13,-1.831507898276E-14));
#1121=VECTOR('',#1120,4.849438108E-2);
#1122=CARTESIAN_POINT('',(1.004849438108E1,5.9E0,-3.14E0));
#1123=LINE('',#1122,#1121);
#1124=DIRECTION('',(-9.000207986295E-13,1.326346440086E-12,-1.E0));
#1125=VECTOR('',#1124,1.5E-1);
#1126=CARTESIAN_POINT('',(9.999999999999E0,5.9E0,-3.14E0));
#1127=LINE('',#1126,#1125);
#1128=DIRECTION('',(-2.688220016959E-12,-1.225686219186E-12,1.E0));
#1129=VECTOR('',#1128,1.5E-1);
#1130=CARTESIAN_POINT('',(1.004849438108E1,5.9E0,-3.29E0));
#1131=LINE('',#1130,#1129);
#1132=DIRECTION('',(-1.E0,-1.648357108430E-13,0.E0));
#1133=VECTOR('',#1132,4.849438108054E-2);
#1134=CARTESIAN_POINT('',(1.004849438108E1,5.9E0,-3.29E0));
#1135=LINE('',#1134,#1133);
#1136=DIRECTION('',(8.660254037774E-1,-5.000000000121E-1,0.E0));
#1137=VECTOR('',#1136,2.447633398341E-2);
#1138=CARTESIAN_POINT('',(9.999999999999E0,5.9E0,-3.29E0));
#1139=LINE('',#1138,#1137);
#1140=CARTESIAN_POINT('',(8.807570806181E0,8.631319952196E0,-3.29E0));
#1141=DIRECTION('',(0.E0,0.E0,1.E0));
#1142=DIRECTION('',(4.045421069464E-1,-9.145193730629E-1,0.E0));
#1143=AXIS2_PLACEMENT_3D('',#1140,#1141,#1142);
#1145=DIRECTION('',(1.809515500402E-12,2.842170943040E-14,1.E0));
#1146=VECTOR('',#1145,7.5E-1);
#1147=CARTESIAN_POINT('',(1.002119712702E1,5.887761833008E0,-3.29E0));
#1148=LINE('',#1147,#1146);
#1149=DIRECTION('',(-1.187198487666E-12,9.473903143468E-13,1.E0));
#1150=VECTOR('',#1149,6.E-1);
#1151=CARTESIAN_POINT('',(1.140564701753E1,7.131319952193E0,-3.14E0));
#1152=LINE('',#1151,#1150);
#1153=DIRECTION('',(0.E0,-1.E0,0.E0));
#1154=VECTOR('',#1153,8.E-1);
#1155=CARTESIAN_POINT('',(8.700000000001E0,1.2E1,-3.14E0));
#1156=LINE('',#1155,#1154);
#1157=DIRECTION('',(0.E0,7.071067811865E-1,-7.071067811865E-1));
#1158=VECTOR('',#1157,1.697056274848E0);
#1159=CARTESIAN_POINT('',(8.700000000001E0,1.12E1,-3.14E0));
#1160=LINE('',#1159,#1158);
#1161=DIRECTION('',(0.E0,0.E0,1.E0));
#1162=VECTOR('',#1161,1.8E0);
#1163=CARTESIAN_POINT('',(8.700000000001E0,1.36E1,-4.34E0));
#1164=LINE('',#1163,#1162);
#1165=DIRECTION('',(-1.302661682227E-12,-3.022767221713E-12,-1.E0));
#1166=VECTOR('',#1165,6.E-1);
#1167=CARTESIAN_POINT('',(8.400000000001E0,1.154174243050E1,-2.54E0));
#1168=LINE('',#1167,#1166);
#1169=DIRECTION('',(0.E0,0.E0,1.E0));
#1170=VECTOR('',#1169,6.E-1);
#1171=CARTESIAN_POINT('',(8.700000000001E0,1.2E1,-3.14E0));
#1172=LINE('',#1171,#1170);
#1173=DIRECTION('',(0.E0,1.E0,0.E0));
#1174=VECTOR('',#1173,3.E-1);
#1175=CARTESIAN_POINT('',(1.45E0,0.E0,-2.54E0));
#1176=LINE('',#1175,#1174);
#1177=DIRECTION('',(0.E0,0.E0,1.E0));
#1178=VECTOR('',#1177,2.54E0);
#1179=CARTESIAN_POINT('',(1.45E0,0.E0,-2.54E0));
#1180=LINE('',#1179,#1178);
#1181=DIRECTION('',(1.E0,0.E0,0.E0));
#1182=VECTOR('',#1181,2.7E0);
#1183=CARTESIAN_POINT('',(1.45E0,3.E-1,-2.54E0));
#1184=LINE('',#1183,#1182);
#1185=DIRECTION('',(0.E0,0.E0,1.E0));
#1186=VECTOR('',#1185,2.54E0);
#1187=CARTESIAN_POINT('',(1.45E0,3.E-1,-2.54E0));
#1188=LINE('',#1187,#1186);
#1189=DIRECTION('',(0.E0,-1.E0,0.E0));
#1190=VECTOR('',#1189,3.E-1);
#1191=CARTESIAN_POINT('',(4.15E0,3.E-1,-2.54E0));
#1192=LINE('',#1191,#1190);
#1193=DIRECTION('',(0.E0,0.E0,1.E0));
#1194=VECTOR('',#1193,2.54E0);
#1195=CARTESIAN_POINT('',(4.15E0,3.E-1,-2.54E0));
#1196=LINE('',#1195,#1194);
#1197=DIRECTION('',(0.E0,1.E0,0.E0));
#1198=VECTOR('',#1197,3.E-1);
#1199=CARTESIAN_POINT('',(6.53E0,0.E0,-2.54E0));
#1200=LINE('',#1199,#1198);
#1201=DIRECTION('',(0.E0,0.E0,1.E0));
#1202=VECTOR('',#1201,2.54E0);
#1203=CARTESIAN_POINT('',(6.53E0,0.E0,-2.54E0));
#1204=LINE('',#1203,#1202);
#1205=DIRECTION('',(1.E0,0.E0,0.E0));
#1206=VECTOR('',#1205,2.7E0);
#1207=CARTESIAN_POINT('',(6.53E0,3.E-1,-2.54E0));
#1208=LINE('',#1207,#1206);
#1209=DIRECTION('',(0.E0,0.E0,1.E0));
#1210=VECTOR('',#1209,2.54E0);
#1211=CARTESIAN_POINT('',(6.53E0,3.E-1,-2.54E0));
#1212=LINE('',#1211,#1210);
#1213=DIRECTION('',(0.E0,-1.E0,0.E0));
#1214=VECTOR('',#1213,3.E-1);
#1215=CARTESIAN_POINT('',(9.23E0,3.E-1,-2.54E0));
#1216=LINE('',#1215,#1214);
#1217=DIRECTION('',(0.E0,0.E0,1.E0));
#1218=VECTOR('',#1217,2.54E0);
#1219=CARTESIAN_POINT('',(9.23E0,3.E-1,-2.54E0));
#1220=LINE('',#1219,#1218);
#1221=CARTESIAN_POINT('',(6.949999999998E0,1.26E1,-6.15E0));
#1222=DIRECTION('',(1.000088900582E-12,-1.E0,0.E0));
#1223=DIRECTION('',(1.E0,1.000225543415E-12,0.E0));
#1224=AXIS2_PLACEMENT_3D('',#1221,#1222,#1223);
#1226=CARTESIAN_POINT('',(6.949999999998E0,1.260007563806E1,-6.15E0));
#1227=DIRECTION('',(1.000088900582E-12,-1.E0,0.E0));
#1228=DIRECTION('',(5.679624826798E-1,5.684139778801E-13,-8.230544442917E-1));
#1229=AXIS2_PLACEMENT_3D('',#1226,#1227,#1228);
#1231=DIRECTION('',(2.961217035248E-1,8.532839734927E-1,4.292067069397E-1));
#1232=VECTOR('',#1231,1.054757854302E0);
#1233=CARTESIAN_POINT('',(7.375987977829E0,1.169999877758E1,-5.532715188128E0));
#1234=LINE('',#1233,#1232);
#1235=DIRECTION('',(-2.961323599357E-1,8.532853231068E-1,4.291966714334E-1));
#1236=VECTOR('',#1235,1.054757082794E0);
#1237=CARTESIAN_POINT('',(6.524027838337E0,1.169999801422E1,-5.532702986487E0));
#1238=LINE('',#1237,#1236);
#1239=DIRECTION('',(-2.878141967075E-5,-9.999999995767E-1,-4.264999460849E-6));
#1240=VECTOR('',#1239,9.999382576073E-1);
#1241=CARTESIAN_POINT('',(6.211659823456E0,1.36E1,-7.219992156258E0));
#1242=LINE('',#1241,#1240);
#1243=CARTESIAN_POINT('',(6.950000000001E0,1.260005651833E1,-6.15E0));
#1244=DIRECTION('',(0.E0,1.E0,0.E0));
#1245=DIRECTION('',(-5.679558578211E-1,0.E0,-8.230590158468E-1));
#1246=AXIS2_PLACEMENT_3D('',#1243,#1244,#1245);
#1248=CARTESIAN_POINT('',(6.950000000001E0,1.26E1,-6.15E0));
#1249=DIRECTION('',(0.E0,1.E0,0.E0));
#1250=DIRECTION('',(-1.E0,0.E0,4.039419055659E-9));
#1251=AXIS2_PLACEMENT_3D('',#1248,#1249,#1250);
#1253=DIRECTION('',(9.999999999931E-1,0.E0,3.704041564953E-6));
#1254=VECTOR('',#1253,1.476680811785E0);
#1255=CARTESIAN_POINT('',(6.211659823456E0,1.36E1,-7.219992156258E0));
#1256=LINE('',#1255,#1254);
#1257=DIRECTION('',(3.799674363338E-5,-9.999999992509E-1,-7.382932153423E-6));
#1258=VECTOR('',#1257,9.999337764133E-1);
#1259=CARTESIAN_POINT('',(7.688340635231E0,1.36E1,-7.219986686571E0));
#1260=LINE('',#1259,#1258);
#1261=CARTESIAN_POINT('',(7.688378629458E0,1.260006622434E1,-7.219994069014E0));
#1262=CARTESIAN_POINT('',(7.196138849447E0,1.260033279143E1,-7.219994069014E0));
#1263=CARTESIAN_POINT('',(6.703870824123E0,1.260032775710E1,-7.219996420994E0));
#1264=CARTESIAN_POINT('',(6.211631043813E0,1.260006174282E1,-7.219996420994E0));
#1266=DIRECTION('',(-2.961345063494E-1,-8.532863102561E-1,4.291932279041E-1));
#1267=VECTOR('',#1266,1.054825603843E0);
#1268=CARTESIAN_POINT('',(7.688378629458E0,1.260006622434E1,-7.219994069014E0));
#1269=LINE('',#1268,#1267);
#1270=DIRECTION('',(-2.961225088788E-1,8.532866560913E-1,-4.292008181165E-1));
#1271=VECTOR('',#1270,1.054818794483E0);
#1272=CARTESIAN_POINT('',(6.523986631648E0,1.169999894089E1,-6.767267331438E0));
#1273=LINE('',#1272,#1271);
#1274=CARTESIAN_POINT('',(6.949999999999E0,1.17E1,-6.15E0));
#1275=DIRECTION('',(1.000088900582E-12,-1.E0,0.E0));
#1276=DIRECTION('',(5.680118752864E-1,5.684341886062E-13,-8.230203579096E-1));
#1277=AXIS2_PLACEMENT_3D('',#1274,#1275,#1276);
#1279=CARTESIAN_POINT('',(7.375987977829E0,1.169999877758E1,-5.532715188128E0));
#1280=CARTESIAN_POINT('',(7.326447807805E0,1.169999877758E1,-5.498428903156E0));
#1281=CARTESIAN_POINT('',(7.221922531689E0,1.170000054834E1,-5.443400364840E0));
#1282=CARTESIAN_POINT('',(7.041171422565E0,1.169999991444E1,-5.398295105354E0));
#1283=CARTESIAN_POINT('',(6.860110962464E0,1.169999979391E1,-5.398155338183E0));
#1284=CARTESIAN_POINT('',(6.679408922456E0,1.170000090993E1,-5.442856672420E0));
#1285=CARTESIAN_POINT('',(6.574021031960E0,1.169999801422E1,-5.498103762884E0));
#1286=CARTESIAN_POINT('',(6.524027838337E0,1.169999801422E1,-5.532702986487E0));
#1288=CARTESIAN_POINT('',(6.950000000001E0,1.17E1,-6.15E0));
#1289=DIRECTION('',(-1.000088900582E-12,-1.E0,0.E0));
#1290=DIRECTION('',(-5.679594273425E-1,5.684341886088E-13,8.230565526698E-1));
#1291=AXIS2_PLACEMENT_3D('',#1288,#1289,#1290);
#1293=CARTESIAN_POINT('',(6.523986631648E0,1.169999894089E1,-6.767267331438E0));
#1294=CARTESIAN_POINT('',(6.573562793026E0,1.169999894089E1,-6.801581644381E0));
#1295=CARTESIAN_POINT('',(6.678140628253E0,1.170000047219E1,-6.856622193589E0));
#1296=CARTESIAN_POINT('',(6.858823845034E0,1.169999993600E1,-6.901703442932E0));
#1297=CARTESIAN_POINT('',(7.039928895239E0,1.169999978379E1,-6.901836637171E0));
#1298=CARTESIAN_POINT('',(7.220525266669E0,1.170000092883E1,-6.857166860131E0));
#1299=CARTESIAN_POINT('',(7.325976590778E0,1.169999797687E1,-6.801899321053E0));
#1300=CARTESIAN_POINT('',(7.376008369979E0,1.169999797687E1,-6.767270063225E0));
#1302=DIRECTION('',(7.071067811863E-1,7.071067811868E-1,0.E0));
#1303=VECTOR('',#1302,2.828427124734E-1);
#1304=CARTESIAN_POINT('',(8.400000000001E0,1.17E1,-4.64E0));
#1305=LINE('',#1304,#1303);
#1306=DIRECTION('',(-2.386979502944E-14,-1.E0,-3.594347042223E-13));
#1307=VECTOR('',#1306,3.200000000001E0);
#1308=CARTESIAN_POINT('',(9.999999999999E0,1.36E1,-4.64E0));
#1309=LINE('',#1308,#1307);
#1310=DIRECTION('',(-9.828721869343E-1,1.842885350505E-1,6.023464473737E-13));
#1311=VECTOR('',#1310,1.627882059609E0);
#1312=CARTESIAN_POINT('',(9.999999999999E0,1.04E1,-4.640000000001E0));
#1313=LINE('',#1312,#1311);
#1314=DIRECTION('',(2.291500322824E-13,1.E0,3.366196210661E-13));
#1315=VECTOR('',#1314,1.000000000001E0);
#1316=CARTESIAN_POINT('',(8.4E0,1.07E1,-4.64E0));
#1317=LINE('',#1316,#1315);
#1318=DIRECTION('',(2.216216628204E-13,1.102187124637E-12,1.E0));
#1319=VECTOR('',#1318,2.1E0);
#1320=CARTESIAN_POINT('',(8.400000000001E0,1.17E1,-4.64E0));
#1321=LINE('',#1320,#1319);
#1322=DIRECTION('',(-1.191203998186E-13,-1.E0,0.E0));
#1323=VECTOR('',#1322,1.7E0);
#1324=CARTESIAN_POINT('',(8.6E0,1.36E1,-4.64E0));
#1325=LINE('',#1324,#1323);
#1326=DIRECTION('',(1.776356839400E-13,-2.266969680758E-13,1.E0));
#1327=VECTOR('',#1326,2.1E0);
#1328=CARTESIAN_POINT('',(8.6E0,1.19E1,-4.64E0));
#1329=LINE('',#1328,#1327);
#1330=DIRECTION('',(0.E0,0.E0,-1.E0));
#1331=VECTOR('',#1330,8.E-1);
#1332=CARTESIAN_POINT('',(9.200000000001E0,1.36E1,-3.04E0));
#1333=LINE('',#1332,#1331);
#1334=DIRECTION('',(-1.E0,0.E0,0.E0));
#1335=VECTOR('',#1334,2.899999999999E0);
#1336=CARTESIAN_POINT('',(1.21E1,1.36E1,-3.04E0));
#1337=LINE('',#1336,#1335);
#1338=DIRECTION('',(0.E0,-1.E0,0.E0));
#1339=VECTOR('',#1338,1.2E0);
#1340=CARTESIAN_POINT('',(9.200000000001E0,1.36E1,-3.04E0));
#1341=LINE('',#1340,#1339);
#1342=DIRECTION('',(0.E0,0.E0,1.E0));
#1343=VECTOR('',#1342,8.E-1);
#1344=CARTESIAN_POINT('',(1.21E1,1.36E1,-3.84E0));
#1345=LINE('',#1344,#1343);
#1346=DIRECTION('',(0.E0,-1.E0,0.E0));
#1347=VECTOR('',#1346,1.2E0);
#1348=CARTESIAN_POINT('',(1.21E1,1.36E1,-3.04E0));
#1349=LINE('',#1348,#1347);
#1350=DIRECTION('',(0.E0,1.E0,0.E0));
#1351=VECTOR('',#1350,1.2E0);
#1352=CARTESIAN_POINT('',(9.200000000001E0,1.24E1,-3.84E0));
#1353=LINE('',#1352,#1351);
#1354=DIRECTION('',(1.E0,0.E0,0.E0));
#1355=VECTOR('',#1354,2.899999999999E0);
#1356=CARTESIAN_POINT('',(9.200000000001E0,1.36E1,-3.84E0));
#1357=LINE('',#1356,#1355);
#1358=DIRECTION('',(0.E0,-1.E0,0.E0));
#1359=VECTOR('',#1358,1.2E0);
#1360=CARTESIAN_POINT('',(1.21E1,1.36E1,-3.84E0));
#1361=LINE('',#1360,#1359);
#1362=DIRECTION('',(0.E0,0.E0,1.E0));
#1363=VECTOR('',#1362,8.E-1);
#1364=CARTESIAN_POINT('',(1.21E1,1.24E1,-3.84E0));
#1365=LINE('',#1364,#1363);
#1366=DIRECTION('',(-1.E0,0.E0,0.E0));
#1367=VECTOR('',#1366,2.899999999999E0);
#1368=CARTESIAN_POINT('',(1.21E1,1.24E1,-3.04E0));
#1369=LINE('',#1368,#1367);
#1370=DIRECTION('',(0.E0,0.E0,-1.E0));
#1371=VECTOR('',#1370,8.E-1);
#1372=CARTESIAN_POINT('',(9.200000000001E0,1.24E1,-3.04E0));
#1373=LINE('',#1372,#1371);
#1374=DIRECTION('',(1.E0,0.E0,0.E0));
#1375=VECTOR('',#1374,2.899999999999E0);
#1376=CARTESIAN_POINT('',(9.200000000001E0,1.24E1,-3.84E0));
#1377=LINE('',#1376,#1375);
#1378=CARTESIAN_POINT('',(6.949999999998E0,1.26E1,-3.61E0));
#1379=DIRECTION('',(1.000088900582E-12,-1.E0,0.E0));
#1380=DIRECTION('',(1.E0,1.000225543415E-12,0.E0));
#1381=AXIS2_PLACEMENT_3D('',#1378,#1379,#1380);
#1383=CARTESIAN_POINT('',(6.949999999998E0,1.260007563806E1,-3.61E0));
#1384=DIRECTION('',(1.000088900582E-12,-1.E0,0.E0));
#1385=DIRECTION('',(5.679624826798E-1,5.684139778801E-13,-8.230544442917E-1));
#1386=AXIS2_PLACEMENT_3D('',#1383,#1384,#1385);
#1388=DIRECTION('',(2.961217035248E-1,8.532839734927E-1,4.292067069397E-1));
#1389=VECTOR('',#1388,1.054757854302E0);
#1390=CARTESIAN_POINT('',(7.375987977829E0,1.169999877758E1,-2.992715188128E0));
#1391=LINE('',#1390,#1389);
#1392=DIRECTION('',(-2.961323599357E-1,8.532853231068E-1,4.291966714334E-1));
#1393=VECTOR('',#1392,1.054757082794E0);
#1394=CARTESIAN_POINT('',(6.524027838337E0,1.169999801422E1,-2.992702986487E0));
#1395=LINE('',#1394,#1393);
#1396=DIRECTION('',(-2.878141966986E-5,-9.999999995767E-1,-4.264999461737E-6));
#1397=VECTOR('',#1396,9.999382576073E-1);
#1398=CARTESIAN_POINT('',(6.211659823456E0,1.36E1,-4.679992156258E0));
#1399=LINE('',#1398,#1397);
#1400=CARTESIAN_POINT('',(6.950000000001E0,1.260005651833E1,-3.61E0));
#1401=DIRECTION('',(0.E0,1.E0,0.E0));
#1402=DIRECTION('',(-5.679558578211E-1,0.E0,-8.230590158468E-1));
#1403=AXIS2_PLACEMENT_3D('',#1400,#1401,#1402);
#1405=CARTESIAN_POINT('',(6.950000000001E0,1.26E1,-3.61E0));
#1406=DIRECTION('',(0.E0,1.E0,0.E0));
#1407=DIRECTION('',(-1.E0,0.E0,4.039419397266E-9));
#1408=AXIS2_PLACEMENT_3D('',#1405,#1406,#1407);
#1410=DIRECTION('',(9.999999999931E-1,0.E0,3.704041566758E-6));
#1411=VECTOR('',#1410,1.476680811785E0);
#1412=CARTESIAN_POINT('',(6.211659823456E0,1.36E1,-4.679992156258E0));
#1413=LINE('',#1412,#1411);
#1414=DIRECTION('',(3.799674363605E-5,-9.999999992509E-1,-7.382932155200E-6));
#1415=VECTOR('',#1414,9.999337764133E-1);
#1416=CARTESIAN_POINT('',(7.688340635231E0,1.36E1,-4.679986686571E0));
#1417=LINE('',#1416,#1415);
#1418=CARTESIAN_POINT('',(7.688378629458E0,1.260006622434E1,-4.679994069014E0));
#1419=CARTESIAN_POINT('',(7.196138849447E0,1.260033279143E1,-4.679994069014E0));
#1420=CARTESIAN_POINT('',(6.703870824123E0,1.260032775710E1,-4.679996420994E0));
#1421=CARTESIAN_POINT('',(6.211631043813E0,1.260006174282E1,-4.679996420994E0));
#1423=DIRECTION('',(-2.961345063494E-1,-8.532863102561E-1,4.291932279041E-1));
#1424=VECTOR('',#1423,1.054825603843E0);
#1425=CARTESIAN_POINT('',(7.688378629458E0,1.260006622434E1,-4.679994069014E0));
#1426=LINE('',#1425,#1424);
#1427=DIRECTION('',(-2.961225088788E-1,8.532866560913E-1,-4.292008181165E-1));
#1428=VECTOR('',#1427,1.054818794483E0);
#1429=CARTESIAN_POINT('',(6.523986631648E0,1.169999894089E1,-4.227267331438E0));
#1430=LINE('',#1429,#1428);
#1431=CARTESIAN_POINT('',(6.949999999999E0,1.17E1,-3.61E0));
#1432=DIRECTION('',(1.000088900582E-12,-1.E0,0.E0));
#1433=DIRECTION('',(5.680118752864E-1,5.684341886062E-13,-8.230203579096E-1));
#1434=AXIS2_PLACEMENT_3D('',#1431,#1432,#1433);
#1436=CARTESIAN_POINT('',(7.375987977829E0,1.169999877758E1,-2.992715188128E0));
#1437=CARTESIAN_POINT('',(7.326447807805E0,1.169999877758E1,-2.958428903156E0));
#1438=CARTESIAN_POINT('',(7.221922531689E0,1.170000054834E1,-2.903400364840E0));
#1439=CARTESIAN_POINT('',(7.041171422565E0,1.169999991444E1,-2.858295105354E0));
#1440=CARTESIAN_POINT('',(6.860110962464E0,1.169999979391E1,-2.858155338183E0));
#1441=CARTESIAN_POINT('',(6.679408922456E0,1.170000090993E1,-2.902856672420E0));
#1442=CARTESIAN_POINT('',(6.574021031960E0,1.169999801422E1,-2.958103762884E0));
#1443=CARTESIAN_POINT('',(6.524027838337E0,1.169999801422E1,-2.992702986487E0));
#1445=CARTESIAN_POINT('',(6.950000000001E0,1.17E1,-3.61E0));
#1446=DIRECTION('',(-1.000088900582E-12,-1.E0,0.E0));
#1447=DIRECTION('',(-5.679594273425E-1,5.684341886088E-13,8.230565526698E-1));
#1448=AXIS2_PLACEMENT_3D('',#1445,#1446,#1447);
#1450=CARTESIAN_POINT('',(6.523986631648E0,1.169999894089E1,-4.227267331438E0));
#1451=CARTESIAN_POINT('',(6.573562793026E0,1.169999894089E1,-4.261581644381E0));
#1452=CARTESIAN_POINT('',(6.678140628253E0,1.170000047219E1,-4.316622193589E0));
#1453=CARTESIAN_POINT('',(6.858823845034E0,1.169999993600E1,-4.361703442932E0));
#1454=CARTESIAN_POINT('',(7.039928895239E0,1.169999978379E1,-4.361836637171E0));
#1455=CARTESIAN_POINT('',(7.220525266669E0,1.170000092883E1,-4.317166860131E0));
#1456=CARTESIAN_POINT('',(7.325976590778E0,1.169999797687E1,-4.261899321053E0));
#1457=CARTESIAN_POINT('',(7.376008369979E0,1.169999797687E1,-4.227270063225E0));
#1459=CARTESIAN_POINT('',(1.E1,1.36E1,0.E0));
#1460=CARTESIAN_POINT('',(1.E1,5.899999999999E0,0.E0));
#1461=VERTEX_POINT('',#1459);
#1462=VERTEX_POINT('',#1460);
#1463=CARTESIAN_POINT('',(4.8E0,1.36E1,0.E0));
#1464=VERTEX_POINT('',#1463);
#1465=CARTESIAN_POINT('',(4.8E0,1.34E1,0.E0));
#1466=VERTEX_POINT('',#1465);
#1467=CARTESIAN_POINT('',(0.E0,1.34E1,0.E0));
#1468=VERTEX_POINT('',#1467);
#1469=CARTESIAN_POINT('',(0.E0,9.45E0,0.E0));
#1470=VERTEX_POINT('',#1469);
#1471=CARTESIAN_POINT('',(3.000000000001E-1,9.45E0,0.E0));
#1472=VERTEX_POINT('',#1471);
#1473=CARTESIAN_POINT('',(3.000000000001E-1,6.75E0,0.E0));
#1474=VERTEX_POINT('',#1473);
#1475=CARTESIAN_POINT('',(0.E0,6.75E0,0.E0));
#1476=VERTEX_POINT('',#1475);
#1477=CARTESIAN_POINT('',(0.E0,4.37E0,0.E0));
#1478=VERTEX_POINT('',#1477);
#1479=CARTESIAN_POINT('',(3.000000000001E-1,4.37E0,0.E0));
#1480=VERTEX_POINT('',#1479);
#1481=CARTESIAN_POINT('',(3.000000000001E-1,1.67E0,0.E0));
#1482=VERTEX_POINT('',#1481);
#1483=CARTESIAN_POINT('',(0.E0,1.67E0,0.E0));
#1484=VERTEX_POINT('',#1483);
#1485=CARTESIAN_POINT('',(0.E0,0.E0,0.E0));
#1486=VERTEX_POINT('',#1485);
#1487=CARTESIAN_POINT('',(1.45E0,0.E0,0.E0));
#1488=VERTEX_POINT('',#1487);
#1489=CARTESIAN_POINT('',(1.45E0,3.E-1,0.E0));
#1490=VERTEX_POINT('',#1489);
#1491=CARTESIAN_POINT('',(4.15E0,3.E-1,0.E0));
#1492=VERTEX_POINT('',#1491);
#1493=CARTESIAN_POINT('',(4.15E0,0.E0,0.E0));
#1494=VERTEX_POINT('',#1493);
#1495=CARTESIAN_POINT('',(6.53E0,0.E0,0.E0));
#1496=VERTEX_POINT('',#1495);
#1497=CARTESIAN_POINT('',(6.53E0,3.E-1,0.E0));
#1498=VERTEX_POINT('',#1497);
#1499=CARTESIAN_POINT('',(9.23E0,3.E-1,0.E0));
#1500=VERTEX_POINT('',#1499);
#1501=CARTESIAN_POINT('',(9.23E0,0.E0,0.E0));
#1502=VERTEX_POINT('',#1501);
#1503=CARTESIAN_POINT('',(1.08E1,0.E0,0.E0));
#1504=VERTEX_POINT('',#1503);
#1505=CARTESIAN_POINT('',(1.08E1,4.750000000015E0,0.E0));
#1506=VERTEX_POINT('',#1505);
#1507=CARTESIAN_POINT('',(1.080203192875E1,5.436946650051E0,0.E0));
#1508=VERTEX_POINT('',#1507);
#1509=CARTESIAN_POINT('',(1.26E1,9.2E0,-2.54E0));
#1510=CARTESIAN_POINT('',(1.26E1,1.36E1,-2.54E0));
#1511=VERTEX_POINT('',#1509);
#1512=VERTEX_POINT('',#1510);
#1513=CARTESIAN_POINT('',(1.140564701753E1,7.131319952194E0,-2.54E0));
#1514=VERTEX_POINT('',#1513);
#1515=CARTESIAN_POINT('',(8.4E0,1.07E1,-4.64E0));
#1516=CARTESIAN_POINT('',(8.400000000001E0,1.17E1,-4.64E0));
#1517=VERTEX_POINT('',#1515);
#1518=VERTEX_POINT('',#1516);
#1519=CARTESIAN_POINT('',(8.4E0,9.4E0,-3.19E0));
#1520=VERTEX_POINT('',#1519);
#1521=CARTESIAN_POINT('',(9.999999999999E0,5.9E0,-3.14E0));
#1522=CARTESIAN_POINT('',(1.E1,9.1E0,-3.14E0));
#1523=VERTEX_POINT('',#1521);
#1524=VERTEX_POINT('',#1522);
#1525=CARTESIAN_POINT('',(1.004849438108E1,5.9E0,-3.14E0));
#1526=VERTEX_POINT('',#1525);
#1527=CARTESIAN_POINT('',(1.140564701753E1,7.131319952192E0,-3.14E0));
#1528=VERTEX_POINT('',#1527);
#1529=CARTESIAN_POINT('',(1.26E1,9.2E0,-3.14E0));
#1530=VERTEX_POINT('',#1529);
#1531=CARTESIAN_POINT('',(1.26E1,1.12E1,-3.14E0));
#1532=VERTEX_POINT('',#1531);
#1533=CARTESIAN_POINT('',(8.700000000001E0,1.12E1,-3.14E0));
#1534=VERTEX_POINT('',#1533);
#1535=CARTESIAN_POINT('',(8.700000000001E0,1.2E1,-3.14E0));
#1536=VERTEX_POINT('',#1535);
#1537=CARTESIAN_POINT('',(8.400000000001E0,1.154174243050E1,-3.14E0));
#1538=VERTEX_POINT('',#1537);
#1539=CARTESIAN_POINT('',(8.4E0,1.061277202084E1,-3.14E0));
#1540=VERTEX_POINT('',#1539);
#1541=CARTESIAN_POINT('',(8.462725307499E0,1.061990942576E1,-3.14E0));
#1542=VERTEX_POINT('',#1541);
#1543=CARTESIAN_POINT('',(8.717098641829E0,1.045579236944E1,-3.14E0));
#1544=VERTEX_POINT('',#1543);
#1545=CARTESIAN_POINT('',(9.268380463194E0,9.237178663151E0,-3.14E0));
#1546=VERTEX_POINT('',#1545);
#1547=CARTESIAN_POINT('',(9.999999999999E0,9.1E0,-3.190000000001E0));
#1548=VERTEX_POINT('',#1547);
#1549=CARTESIAN_POINT('',(9.999999999999E0,1.04E1,-4.640000000001E0));
#1550=VERTEX_POINT('',#1549);
#1551=CARTESIAN_POINT('',(9.999999999999E0,1.36E1,-4.64E0));
#1552=VERTEX_POINT('',#1551);
#1553=CARTESIAN_POINT('',(9.999999999999E0,5.9E0,-3.29E0));
#1554=VERTEX_POINT('',#1553);
#1555=CARTESIAN_POINT('',(8.6E0,1.19E1,-4.64E0));
#1556=VERTEX_POINT('',#1555);
#1557=CARTESIAN_POINT('',(8.6E0,1.36E1,-4.64E0));
#1558=VERTEX_POINT('',#1557);
#1559=CARTESIAN_POINT('',(6.211659823456E0,1.36E1,-4.679992156258E0));
#1560=CARTESIAN_POINT('',(7.688340635231E0,1.36E1,-4.679986686571E0));
#1561=VERTEX_POINT('',#1559);
#1562=VERTEX_POINT('',#1560);
#1563=CARTESIAN_POINT('',(7.688378629458E0,1.260006622434E1,-4.679994069014E0));
#1564=VERTEX_POINT('',#1563);
#1565=CARTESIAN_POINT('',(8.250046223257E0,1.260007563806E1,-3.61E0));
#1566=VERTEX_POINT('',#1565);
#1567=CARTESIAN_POINT('',(6.211657384834E0,1.260005651833E1,-4.679976720600E0));
#1568=CARTESIAN_POINT('',(5.650000000002E0,1.260005651833E1,-3.609999994749E0));
#1569=VERTEX_POINT('',#1567);
#1570=VERTEX_POINT('',#1568);
#1571=CARTESIAN_POINT('',(7.376008369979E0,1.169999797687E1,-4.227270063225E0));
#1572=VERTEX_POINT('',#1571);
#1573=CARTESIAN_POINT('',(6.523986631648E0,1.169999894089E1,-4.227267331438E0));
#1574=VERTEX_POINT('',#1573);
#1575=CARTESIAN_POINT('',(7.376010135231E0,1.17E1,-2.992735579607E0));
#1576=VERTEX_POINT('',#1575);
#1577=VERTEX_POINT('',#1443);
#1578=CARTESIAN_POINT('',(3.000000000004E-1,8.45E0,-4.43E0));
#1579=CARTESIAN_POINT('',(3.000000000004E-1,8.45E0,-3.93E0));
#1580=VERTEX_POINT('',#1578);
#1581=VERTEX_POINT('',#1579);
#1582=CARTESIAN_POINT('',(3.000000000004E-1,7.75E0,-4.43E0));
#1583=VERTEX_POINT('',#1582);
#1584=CARTESIAN_POINT('',(3.000000000004E-1,7.75E0,-3.93E0));
#1585=VERTEX_POINT('',#1584);
#1586=CARTESIAN_POINT('',(3.000000000004E-1,3.37E0,-4.43E0));
#1587=CARTESIAN_POINT('',(3.000000000004E-1,3.37E0,-3.93E0));
#1588=VERTEX_POINT('',#1586);
#1589=VERTEX_POINT('',#1587);
#1590=CARTESIAN_POINT('',(3.000000000004E-1,2.67E0,-4.43E0));
#1591=VERTEX_POINT('',#1590);
#1592=CARTESIAN_POINT('',(3.000000000004E-1,2.67E0,-3.93E0));
#1593=VERTEX_POINT('',#1592);
#1594=CARTESIAN_POINT('',(1.004849438108E1,5.9E0,-3.29E0));
#1595=VERTEX_POINT('',#1594);
#1596=CARTESIAN_POINT('',(1.26E1,1.36E1,-4.34E0));
#1597=VERTEX_POINT('',#1596);
#1598=CARTESIAN_POINT('',(1.26E1,1.24E1,-4.34E0));
#1599=VERTEX_POINT('',#1598);
#1600=CARTESIAN_POINT('',(8.700000000001E0,1.36E1,-4.34E0));
#1601=VERTEX_POINT('',#1600);
#1602=CARTESIAN_POINT('',(9.200000000001E0,1.36E1,-3.04E0));
#1603=CARTESIAN_POINT('',(9.200000000001E0,1.36E1,-3.84E0));
#1604=VERTEX_POINT('',#1602);
#1605=VERTEX_POINT('',#1603);
#1606=CARTESIAN_POINT('',(1.21E1,1.36E1,-3.04E0));
#1607=VERTEX_POINT('',#1606);
#1608=CARTESIAN_POINT('',(1.21E1,1.36E1,-3.84E0));
#1609=VERTEX_POINT('',#1608);
#1610=CARTESIAN_POINT('',(8.700000000001E0,1.24E1,-4.34E0));
#1611=VERTEX_POINT('',#1610);
#1612=CARTESIAN_POINT('',(9.200000000001E0,1.24E1,-3.04E0));
#1613=VERTEX_POINT('',#1612);
#1614=CARTESIAN_POINT('',(9.200000000001E0,1.24E1,-3.84E0));
#1615=VERTEX_POINT('',#1614);
#1616=CARTESIAN_POINT('',(1.21E1,1.24E1,-3.04E0));
#1617=VERTEX_POINT('',#1616);
#1618=CARTESIAN_POINT('',(1.21E1,1.24E1,-3.84E0));
#1619=VERTEX_POINT('',#1618);
#1620=CARTESIAN_POINT('',(1.002119712702E1,5.887761833008E0,-3.29E0));
#1621=VERTEX_POINT('',#1620);
#1622=CARTESIAN_POINT('',(-2.499999999999E0,3.37E0,-3.93E0));
#1623=VERTEX_POINT('',#1622);
#1624=CARTESIAN_POINT('',(-2.5E0,3.37E0,-4.43E0));
#1625=VERTEX_POINT('',#1624);
#1626=CARTESIAN_POINT('',(-2.499999999999E0,2.67E0,-3.93E0));
#1627=VERTEX_POINT('',#1626);
#1628=CARTESIAN_POINT('',(-3.2E0,2.87E0,-3.93E0));
#1629=VERTEX_POINT('',#1628);
#1630=CARTESIAN_POINT('',(-3.2E0,3.17E0,-3.93E0));
#1631=VERTEX_POINT('',#1630);
#1632=CARTESIAN_POINT('',(-2.499999999999E0,2.67E0,-4.43E0));
#1633=VERTEX_POINT('',#1632);
#1634=CARTESIAN_POINT('',(-3.2E0,3.17E0,-4.43E0));
#1635=VERTEX_POINT('',#1634);
#1636=CARTESIAN_POINT('',(-3.2E0,2.87E0,-4.43E0));
#1637=VERTEX_POINT('',#1636);
#1638=CARTESIAN_POINT('',(-2.499999999999E0,8.45E0,-3.93E0));
#1639=VERTEX_POINT('',#1638);
#1640=CARTESIAN_POINT('',(-2.5E0,8.45E0,-4.43E0));
#1641=VERTEX_POINT('',#1640);
#1642=CARTESIAN_POINT('',(-2.499999999999E0,7.75E0,-3.93E0));
#1643=VERTEX_POINT('',#1642);
#1644=CARTESIAN_POINT('',(-3.2E0,7.95E0,-3.93E0));
#1645=VERTEX_POINT('',#1644);
#1646=CARTESIAN_POINT('',(-3.2E0,8.25E0,-3.93E0));
#1647=VERTEX_POINT('',#1646);
#1648=CARTESIAN_POINT('',(-2.499999999999E0,7.75E0,-4.43E0));
#1649=VERTEX_POINT('',#1648);
#1650=CARTESIAN_POINT('',(-3.2E0,8.25E0,-4.43E0));
#1651=VERTEX_POINT('',#1650);
#1652=CARTESIAN_POINT('',(-3.2E0,7.95E0,-4.43E0));
#1653=VERTEX_POINT('',#1652);
#1654=CARTESIAN_POINT('',(1.26E1,9.2E0,-5.08E0));
#1655=CARTESIAN_POINT('',(1.26E1,1.36E1,-5.08E0));
#1656=VERTEX_POINT('',#1654);
#1657=VERTEX_POINT('',#1655);
#1658=CARTESIAN_POINT('',(1.140564701753E1,7.131319952194E0,-5.08E0));
#1659=VERTEX_POINT('',#1658);
#1660=CARTESIAN_POINT('',(8.4E0,1.07E1,-7.18E0));
#1661=CARTESIAN_POINT('',(8.400000000001E0,1.17E1,-7.18E0));
#1662=VERTEX_POINT('',#1660);
#1663=VERTEX_POINT('',#1661);
#1664=CARTESIAN_POINT('',(8.4E0,9.4E0,-5.73E0));
#1665=VERTEX_POINT('',#1664);
#1666=CARTESIAN_POINT('',(9.999999999999E0,5.9E0,-5.68E0));
#1667=CARTESIAN_POINT('',(1.E1,9.1E0,-5.68E0));
#1668=VERTEX_POINT('',#1666);
#1669=VERTEX_POINT('',#1667);
#1670=CARTESIAN_POINT('',(1.004849438108E1,5.9E0,-5.68E0));
#1671=VERTEX_POINT('',#1670);
#1672=CARTESIAN_POINT('',(1.140564701753E1,7.131319952192E0,-5.68E0));
#1673=VERTEX_POINT('',#1672);
#1674=CARTESIAN_POINT('',(1.26E1,9.2E0,-5.68E0));
#1675=VERTEX_POINT('',#1674);
#1676=CARTESIAN_POINT('',(1.26E1,1.12E1,-5.68E0));
#1677=VERTEX_POINT('',#1676);
#1678=CARTESIAN_POINT('',(8.700000000001E0,1.12E1,-5.68E0));
#1679=VERTEX_POINT('',#1678);
#1680=CARTESIAN_POINT('',(8.700000000001E0,1.2E1,-5.68E0));
#1681=VERTEX_POINT('',#1680);
#1682=CARTESIAN_POINT('',(8.400000000001E0,1.154174243050E1,-5.68E0));
#1683=VERTEX_POINT('',#1682);
#1684=CARTESIAN_POINT('',(8.4E0,1.061277202084E1,-5.68E0));
#1685=VERTEX_POINT('',#1684);
#1686=CARTESIAN_POINT('',(8.462725307499E0,1.061990942576E1,-5.68E0));
#1687=VERTEX_POINT('',#1686);
#1688=CARTESIAN_POINT('',(8.717098641829E0,1.045579236944E1,-5.68E0));
#1689=VERTEX_POINT('',#1688);
#1690=CARTESIAN_POINT('',(9.268380463194E0,9.237178663151E0,-5.68E0));
#1691=VERTEX_POINT('',#1690);
#1692=CARTESIAN_POINT('',(9.999999999999E0,9.1E0,-5.730000000001E0));
#1693=VERTEX_POINT('',#1692);
#1694=CARTESIAN_POINT('',(9.999999999999E0,1.04E1,-7.180000000001E0));
#1695=VERTEX_POINT('',#1694);
#1696=CARTESIAN_POINT('',(9.999999999999E0,1.36E1,-7.18E0));
#1697=VERTEX_POINT('',#1696);
#1698=CARTESIAN_POINT('',(9.999999999999E0,1.36E1,-7.62E0));
#1699=VERTEX_POINT('',#1698);
#1700=CARTESIAN_POINT('',(9.999999999999E0,5.9E0,-5.83E0));
#1701=VERTEX_POINT('',#1700);
#1702=CARTESIAN_POINT('',(8.6E0,1.19E1,-7.18E0));
#1703=VERTEX_POINT('',#1702);
#1704=CARTESIAN_POINT('',(8.6E0,1.36E1,-7.18E0));
#1705=VERTEX_POINT('',#1704);
#1706=CARTESIAN_POINT('',(6.211659823456E0,1.36E1,-7.219992156258E0));
#1707=CARTESIAN_POINT('',(7.688340635231E0,1.36E1,-7.219986686571E0));
#1708=VERTEX_POINT('',#1706);
#1709=VERTEX_POINT('',#1707);
#1710=CARTESIAN_POINT('',(7.688378629458E0,1.260006622434E1,-7.219994069014E0));
#1711=VERTEX_POINT('',#1710);
#1712=CARTESIAN_POINT('',(8.250046223257E0,1.260007563806E1,-6.15E0));
#1713=VERTEX_POINT('',#1712);
#1714=CARTESIAN_POINT('',(6.211657384834E0,1.260005651833E1,-7.219976720600E0));
#1715=CARTESIAN_POINT('',(5.650000000002E0,1.260005651833E1,-6.149999994749E0));
#1716=VERTEX_POINT('',#1714);
#1717=VERTEX_POINT('',#1715);
#1718=CARTESIAN_POINT('',(7.376008369979E0,1.169999797687E1,-6.767270063225E0));
#1719=VERTEX_POINT('',#1718);
#1720=CARTESIAN_POINT('',(6.523986631648E0,1.169999894089E1,-6.767267331438E0));
#1721=VERTEX_POINT('',#1720);
#1722=CARTESIAN_POINT('',(7.376010135231E0,1.17E1,-5.532735579607E0));
#1723=VERTEX_POINT('',#1722);
#1724=VERTEX_POINT('',#1286);
#1725=CARTESIAN_POINT('',(3.000000000004E-1,8.45E0,-6.97E0));
#1726=CARTESIAN_POINT('',(3.000000000004E-1,8.45E0,-6.47E0));
#1727=VERTEX_POINT('',#1725);
#1728=VERTEX_POINT('',#1726);
#1729=CARTESIAN_POINT('',(3.000000000004E-1,7.75E0,-6.97E0));
#1730=VERTEX_POINT('',#1729);
#1731=CARTESIAN_POINT('',(3.000000000004E-1,7.75E0,-6.47E0));
#1732=VERTEX_POINT('',#1731);
#1733=CARTESIAN_POINT('',(3.342511452805E-13,1.67E0,-7.62E0));
#1734=CARTESIAN_POINT('',(3.000000000004E-1,1.67E0,-7.62E0));
#1735=VERTEX_POINT('',#1733);
#1736=VERTEX_POINT('',#1734);
#1737=CARTESIAN_POINT('',(3.346952344903E-13,0.E0,-7.62E0));
#1738=VERTEX_POINT('',#1737);
#1739=CARTESIAN_POINT('',(1.08E1,0.E0,-7.62E0));
#1740=VERTEX_POINT('',#1739);
#1741=CARTESIAN_POINT('',(1.08E1,4.750000000006E0,-7.62E0));
#1742=VERTEX_POINT('',#1741);
#1743=CARTESIAN_POINT('',(1.080203192873E1,5.436946650071E0,-7.62E0));
#1744=VERTEX_POINT('',#1743);
#1745=CARTESIAN_POINT('',(9.999999999999E0,5.9E0,-7.62E0));
#1746=VERTEX_POINT('',#1745);
#1747=CARTESIAN_POINT('',(4.8E0,1.36E1,-7.62E0));
#1748=VERTEX_POINT('',#1747);
#1749=CARTESIAN_POINT('',(4.799999999999E0,1.34E1,-7.62E0));
#1750=VERTEX_POINT('',#1749);
#1751=CARTESIAN_POINT('',(3.339550858072E-13,1.34E1,-7.62E0));
#1752=VERTEX_POINT('',#1751);
#1753=CARTESIAN_POINT('',(3.333537150022E-13,9.45E0,-7.62E0));
#1754=VERTEX_POINT('',#1753);
#1755=CARTESIAN_POINT('',(3.000000000004E-1,9.45E0,-7.62E0));
#1756=VERTEX_POINT('',#1755);
#1757=CARTESIAN_POINT('',(3.000000000004E-1,6.75E0,-7.62E0));
#1758=VERTEX_POINT('',#1757);
#1759=CARTESIAN_POINT('',(3.333629668608E-13,6.75E0,-7.62E0));
#1760=VERTEX_POINT('',#1759);
#1761=CARTESIAN_POINT('',(3.333537150022E-13,4.37E0,-7.62E0));
#1762=VERTEX_POINT('',#1761);
#1763=CARTESIAN_POINT('',(3.000000000004E-1,4.37E0,-7.62E0));
#1764=VERTEX_POINT('',#1763);
#1765=CARTESIAN_POINT('',(3.000000000004E-1,3.37E0,-6.97E0));
#1766=CARTESIAN_POINT('',(3.000000000004E-1,3.37E0,-6.47E0));
#1767=VERTEX_POINT('',#1765);
#1768=VERTEX_POINT('',#1766);
#1769=CARTESIAN_POINT('',(3.000000000004E-1,2.67E0,-6.97E0));
#1770=VERTEX_POINT('',#1769);
#1771=CARTESIAN_POINT('',(3.000000000004E-1,2.67E0,-6.47E0));
#1772=VERTEX_POINT('',#1771);
#1773=CARTESIAN_POINT('',(1.004849438108E1,5.9E0,-5.83E0));
#1774=VERTEX_POINT('',#1773);
#1775=CARTESIAN_POINT('',(1.26E1,1.36E1,-6.88E0));
#1776=VERTEX_POINT('',#1775);
#1777=CARTESIAN_POINT('',(1.26E1,1.24E1,-6.88E0));
#1778=VERTEX_POINT('',#1777);
#1779=CARTESIAN_POINT('',(8.700000000001E0,1.36E1,-6.88E0));
#1780=VERTEX_POINT('',#1779);
#1781=CARTESIAN_POINT('',(9.200000000001E0,1.36E1,-5.58E0));
#1782=CARTESIAN_POINT('',(9.200000000001E0,1.36E1,-6.38E0));
#1783=VERTEX_POINT('',#1781);
#1784=VERTEX_POINT('',#1782);
#1785=CARTESIAN_POINT('',(1.21E1,1.36E1,-5.58E0));
#1786=VERTEX_POINT('',#1785);
#1787=CARTESIAN_POINT('',(1.21E1,1.36E1,-6.38E0));
#1788=VERTEX_POINT('',#1787);
#1789=CARTESIAN_POINT('',(8.700000000001E0,1.24E1,-6.88E0));
#1790=VERTEX_POINT('',#1789);
#1791=CARTESIAN_POINT('',(9.200000000001E0,1.24E1,-5.58E0));
#1792=VERTEX_POINT('',#1791);
#1793=CARTESIAN_POINT('',(9.200000000001E0,1.24E1,-6.38E0));
#1794=VERTEX_POINT('',#1793);
#1795=CARTESIAN_POINT('',(1.21E1,1.24E1,-5.58E0));
#1796=VERTEX_POINT('',#1795);
#1797=CARTESIAN_POINT('',(1.21E1,1.24E1,-6.38E0));
#1798=VERTEX_POINT('',#1797);
#1799=CARTESIAN_POINT('',(1.002119712702E1,5.887761833008E0,-5.83E0));
#1800=VERTEX_POINT('',#1799);
#1801=CARTESIAN_POINT('',(-2.499999999999E0,3.37E0,-6.47E0));
#1802=VERTEX_POINT('',#1801);
#1803=CARTESIAN_POINT('',(-2.5E0,3.37E0,-6.97E0));
#1804=VERTEX_POINT('',#1803);
#1805=CARTESIAN_POINT('',(-2.499999999999E0,2.67E0,-6.47E0));
#1806=VERTEX_POINT('',#1805);
#1807=CARTESIAN_POINT('',(-3.2E0,2.87E0,-6.47E0));
#1808=VERTEX_POINT('',#1807);
#1809=CARTESIAN_POINT('',(-3.2E0,3.17E0,-6.47E0));
#1810=VERTEX_POINT('',#1809);
#1811=CARTESIAN_POINT('',(-2.499999999999E0,2.67E0,-6.97E0));
#1812=VERTEX_POINT('',#1811);
#1813=CARTESIAN_POINT('',(-3.2E0,3.17E0,-6.97E0));
#1814=VERTEX_POINT('',#1813);
#1815=CARTESIAN_POINT('',(-3.2E0,2.87E0,-6.97E0));
#1816=VERTEX_POINT('',#1815);
#1817=CARTESIAN_POINT('',(-2.499999999999E0,8.45E0,-6.47E0));
#1818=VERTEX_POINT('',#1817);
#1819=CARTESIAN_POINT('',(-2.5E0,8.45E0,-6.97E0));
#1820=VERTEX_POINT('',#1819);
#1821=CARTESIAN_POINT('',(-2.499999999999E0,7.75E0,-6.47E0));
#1822=VERTEX_POINT('',#1821);
#1823=CARTESIAN_POINT('',(-3.2E0,7.95E0,-6.47E0));
#1824=VERTEX_POINT('',#1823);
#1825=CARTESIAN_POINT('',(-3.2E0,8.25E0,-6.47E0));
#1826=VERTEX_POINT('',#1825);
#1827=CARTESIAN_POINT('',(-2.499999999999E0,7.75E0,-6.97E0));
#1828=VERTEX_POINT('',#1827);
#1829=CARTESIAN_POINT('',(-3.2E0,8.25E0,-6.97E0));
#1830=VERTEX_POINT('',#1829);
#1831=CARTESIAN_POINT('',(-3.2E0,7.95E0,-6.97E0));
#1832=VERTEX_POINT('',#1831);
#1833=CARTESIAN_POINT('',(8.400000000001E0,9.4E0,-2.54E0));
#1834=CARTESIAN_POINT('',(8.400000000001E0,1.061277202084E1,-2.54E0));
#1835=VERTEX_POINT('',#1833);
#1836=VERTEX_POINT('',#1834);
#1837=CARTESIAN_POINT('',(8.400000000001E0,1.154174243050E1,-2.54E0));
#1838=CARTESIAN_POINT('',(8.400000000001E0,1.17E1,-2.54E0));
#1839=VERTEX_POINT('',#1837);
#1840=VERTEX_POINT('',#1838);
#1841=CARTESIAN_POINT('',(9.268380463195E0,9.237178663151E0,-2.54E0));
#1842=VERTEX_POINT('',#1841);
#1843=CARTESIAN_POINT('',(8.717098641833E0,1.045579236944E1,-2.54E0));
#1844=VERTEX_POINT('',#1843);
#1845=CARTESIAN_POINT('',(8.6E0,1.19E1,-2.54E0));
#1846=VERTEX_POINT('',#1845);
#1847=CARTESIAN_POINT('',(8.6E0,1.36E1,-2.54E0));
#1848=VERTEX_POINT('',#1847);
#1849=CARTESIAN_POINT('',(7.688324670451E0,1.260000675057E1,-2.540006042864E0));
#1850=CARTESIAN_POINT('',(7.688308878451E0,1.36E1,-2.54E0));
#1851=VERTEX_POINT('',#1849);
#1852=VERTEX_POINT('',#1850);
#1853=VERTEX_POINT('',#47);
#1854=CARTESIAN_POINT('',(6.211691121551E0,1.36E1,-2.54E0));
#1855=VERTEX_POINT('',#1854);
#1856=CARTESIAN_POINT('',(8.700000000001E0,1.36E1,-2.54E0));
#1857=CARTESIAN_POINT('',(8.700000000001E0,1.2E1,-2.54E0));
#1858=VERTEX_POINT('',#1856);
#1859=VERTEX_POINT('',#1857);
#1860=CARTESIAN_POINT('',(1.E1,5.9E0,-2.54E0));
#1861=CARTESIAN_POINT('',(1.E1,1.36E1,-2.54E0));
#1862=VERTEX_POINT('',#1860);
#1863=VERTEX_POINT('',#1861);
#1864=CARTESIAN_POINT('',(1.45E0,0.E0,-2.54E0));
#1865=CARTESIAN_POINT('',(1.45E0,3.E-1,-2.54E0));
#1866=VERTEX_POINT('',#1864);
#1867=VERTEX_POINT('',#1865);
#1868=CARTESIAN_POINT('',(4.15E0,3.E-1,-2.54E0));
#1869=VERTEX_POINT('',#1868);
#1870=CARTESIAN_POINT('',(4.15E0,0.E0,-2.54E0));
#1871=VERTEX_POINT('',#1870);
#1872=CARTESIAN_POINT('',(6.53E0,0.E0,-2.54E0));
#1873=CARTESIAN_POINT('',(6.53E0,3.E-1,-2.54E0));
#1874=VERTEX_POINT('',#1872);
#1875=VERTEX_POINT('',#1873);
#1876=CARTESIAN_POINT('',(9.23E0,3.E-1,-2.54E0));
#1877=VERTEX_POINT('',#1876);
#1878=CARTESIAN_POINT('',(9.23E0,0.E0,-2.54E0));
#1879=VERTEX_POINT('',#1878);
#1880=CARTESIAN_POINT('',(1.002119712702E1,5.887761833008E0,-2.54E0));
#1881=VERTEX_POINT('',#1880);
#1882=CARTESIAN_POINT('',(1.080203192874E1,5.436946650059E0,-2.54E0));
#1883=VERTEX_POINT('',#1882);
#1884=CARTESIAN_POINT('',(1.002119712702E1,5.887761833008E0,-5.08E0));
#1885=CARTESIAN_POINT('',(1.E1,5.9E0,-5.08E0));
#1886=VERTEX_POINT('',#1884);
#1887=VERTEX_POINT('',#1885);
#1888=CARTESIAN_POINT('',(1.E1,1.36E1,-5.08E0));
#1889=VERTEX_POINT('',#1888);
#1890=CARTESIAN_POINT('',(8.400000000001E0,9.4E0,-5.08E0));
#1891=CARTESIAN_POINT('',(8.400000000001E0,1.061277202084E1,-5.08E0));
#1892=VERTEX_POINT('',#1890);
#1893=VERTEX_POINT('',#1891);
#1894=CARTESIAN_POINT('',(8.400000000001E0,1.154174243050E1,-5.08E0));
#1895=CARTESIAN_POINT('',(8.400000000001E0,1.17E1,-5.08E0));
#1896=VERTEX_POINT('',#1894);
#1897=VERTEX_POINT('',#1895);
#1898=CARTESIAN_POINT('',(9.268380463195E0,9.237178663151E0,-5.08E0));
#1899=VERTEX_POINT('',#1898);
#1900=CARTESIAN_POINT('',(8.717098641833E0,1.045579236944E1,-5.08E0));
#1901=VERTEX_POINT('',#1900);
#1902=CARTESIAN_POINT('',(8.6E0,1.19E1,-5.08E0));
#1903=VERTEX_POINT('',#1902);
#1904=CARTESIAN_POINT('',(8.6E0,1.36E1,-5.08E0));
#1905=VERTEX_POINT('',#1904);
#1906=CARTESIAN_POINT('',(7.688324670451E0,1.260000675057E1,-5.080006042864E0));
#1907=CARTESIAN_POINT('',(7.688308878451E0,1.36E1,-5.08E0));
#1908=VERTEX_POINT('',#1906);
#1909=VERTEX_POINT('',#1907);
#1910=VERTEX_POINT('',#333);
#1911=CARTESIAN_POINT('',(6.211691121551E0,1.36E1,-5.08E0));
#1912=VERTEX_POINT('',#1911);
#1913=CARTESIAN_POINT('',(8.700000000001E0,1.36E1,-5.08E0));
#1914=CARTESIAN_POINT('',(8.700000000001E0,1.2E1,-5.08E0));
#1915=VERTEX_POINT('',#1913);
#1916=VERTEX_POINT('',#1914);
#1917=CARTESIAN_POINT('',(1.080203192873E1,5.436946650067E0,-5.08E0));
#1918=VERTEX_POINT('',#1917);
#1919=CARTESIAN_POINT('',(5.500000000003E0,6.8E0,-2.54E0));
#1920=DIRECTION('',(0.E0,0.E0,1.E0));
#1921=DIRECTION('',(0.E0,-1.E0,0.E0));
#1922=AXIS2_PLACEMENT_3D('',#1919,#1920,#1921);
#1923=PLANE('',#1922);
#1925=ORIENTED_EDGE('',*,*,#1924,.F.);
#1927=ORIENTED_EDGE('',*,*,#1926,.F.);
#1929=ORIENTED_EDGE('',*,*,#1928,.F.);
#1931=ORIENTED_EDGE('',*,*,#1930,.T.);
#1932=EDGE_LOOP('',(#1925,#1927,#1929,#1931));
#1933=FACE_OUTER_BOUND('',#1932,.F.);
#1935=CARTESIAN_POINT('',(5.500000000003E0,6.8E0,-2.54E0));
#1936=DIRECTION('',(0.E0,0.E0,1.E0));
#1937=DIRECTION('',(0.E0,-1.E0,0.E0));
#1938=AXIS2_PLACEMENT_3D('',#1935,#1936,#1937);
#1939=PLANE('',#1938);
#1941=ORIENTED_EDGE('',*,*,#1940,.F.);
#1943=ORIENTED_EDGE('',*,*,#1942,.T.);
#1945=ORIENTED_EDGE('',*,*,#1944,.F.);
#1947=ORIENTED_EDGE('',*,*,#1946,.F.);
#1949=ORIENTED_EDGE('',*,*,#1948,.T.);
#1951=ORIENTED_EDGE('',*,*,#1950,.T.);
#1952=EDGE_LOOP('',(#1941,#1943,#1945,#1947,#1949,#1951));
#1953=FACE_OUTER_BOUND('',#1952,.F.);
#1955=CARTESIAN_POINT('',(5.500000000003E0,6.8E0,-2.54E0));
#1956=DIRECTION('',(0.E0,0.E0,1.E0));
#1957=DIRECTION('',(0.E0,-1.E0,0.E0));
#1958=AXIS2_PLACEMENT_3D('',#1955,#1956,#1957);
#1959=PLANE('',#1958);
#1961=ORIENTED_EDGE('',*,*,#1960,.T.);
#1963=ORIENTED_EDGE('',*,*,#1962,.F.);
#1965=ORIENTED_EDGE('',*,*,#1964,.F.);
#1967=ORIENTED_EDGE('',*,*,#1966,.T.);
#1968=EDGE_LOOP('',(#1961,#1963,#1965,#1967));
#1969=FACE_OUTER_BOUND('',#1968,.F.);
#1971=CARTESIAN_POINT('',(8.400000000001E0,1.055E1,-3.590000000001E0));
#1972=DIRECTION('',(1.E0,0.E0,0.E0));
#1973=DIRECTION('',(0.E0,1.E0,0.E0));
#1974=AXIS2_PLACEMENT_3D('',#1971,#1972,#1973);
#1975=PLANE('',#1974);
#1976=ORIENTED_EDGE('',*,*,#1924,.T.);
#1978=ORIENTED_EDGE('',*,*,#1977,.F.);
#1980=ORIENTED_EDGE('',*,*,#1979,.F.);
#1982=ORIENTED_EDGE('',*,*,#1981,.F.);
#1983=ORIENTED_EDGE('',*,*,#1940,.T.);
#1985=ORIENTED_EDGE('',*,*,#1984,.F.);
#1987=ORIENTED_EDGE('',*,*,#1986,.F.);
#1989=ORIENTED_EDGE('',*,*,#1988,.T.);
#1991=ORIENTED_EDGE('',*,*,#1990,.F.);
#1992=EDGE_LOOP('',(#1976,#1978,#1980,#1982,#1983,#1985,#1987,#1989,#1991));
#1993=FACE_OUTER_BOUND('',#1992,.F.);
#1995=CARTESIAN_POINT('',(8.462725307499E0,1.034071784309E1,-2.514795460887E0));
#1996=DIRECTION('',(0.E0,0.E0,-1.E0));
#1997=DIRECTION('',(0.E0,1.E0,0.E0));
#1998=AXIS2_PLACEMENT_3D('',#1995,#1996,#1997);
#1999=CYLINDRICAL_SURFACE('',#1998,2.791915826700E-1);
#2000=ORIENTED_EDGE('',*,*,#1930,.F.);
#2002=ORIENTED_EDGE('',*,*,#2001,.T.);
#2004=ORIENTED_EDGE('',*,*,#2003,.F.);
#2006=ORIENTED_EDGE('',*,*,#2005,.F.);
#2007=ORIENTED_EDGE('',*,*,#1977,.T.);
#2008=EDGE_LOOP('',(#2000,#2002,#2004,#2006,#2007));
#2009=FACE_OUTER_BOUND('',#2008,.F.);
#2011=CARTESIAN_POINT('',(8.992739552514E0,9.846485516296E0,-2.84E0));
#2012=DIRECTION('',(9.111067457649E-1,4.121704717975E-1,0.E0));
#2013=DIRECTION('',(4.121704717975E-1,-9.111067457649E-1,0.E0));
#2014=AXIS2_PLACEMENT_3D('',#2011,#2012,#2013);
#2015=PLANE('',#2014);
#2016=ORIENTED_EDGE('',*,*,#1928,.T.);
#2018=ORIENTED_EDGE('',*,*,#2017,.T.);
#2020=ORIENTED_EDGE('',*,*,#2019,.F.);
#2021=ORIENTED_EDGE('',*,*,#2001,.F.);
#2022=EDGE_LOOP('',(#2016,#2018,#2020,#2021));
#2023=FACE_OUTER_BOUND('',#2022,.F.);
#2025=CARTESIAN_POINT('',(9.2E0,9.25E0,-2.865000000002E0));
#2026=DIRECTION('',(1.842885350502E-1,9.828721869343E-1,0.E0));
#2027=DIRECTION('',(-9.828721869343E-1,1.842885350502E-1,0.E0));
#2028=AXIS2_PLACEMENT_3D('',#2025,#2026,#2027);
#2029=PLANE('',#2028);
#2030=ORIENTED_EDGE('',*,*,#1926,.T.);
#2031=ORIENTED_EDGE('',*,*,#1990,.T.);
#2033=ORIENTED_EDGE('',*,*,#2032,.F.);
#2035=ORIENTED_EDGE('',*,*,#2034,.T.);
#2037=ORIENTED_EDGE('',*,*,#2036,.F.);
#2038=ORIENTED_EDGE('',*,*,#2017,.F.);
#2039=EDGE_LOOP('',(#2030,#2031,#2033,#2035,#2037,#2038));
#2040=FACE_OUTER_BOUND('',#2039,.F.);
#2042=CARTESIAN_POINT('',(9.199999999999E0,9.899999999999E0,-3.915000000001E0));
#2043=DIRECTION('',(1.382658678012E-1,7.374179615989E-1,6.611333448803E-1));
#2044=DIRECTION('',(0.E0,6.675450157512E-1,-7.445694406472E-1));
#2045=AXIS2_PLACEMENT_3D('',#2042,#2043,#2044);
#2046=PLANE('',#2045);
#2048=ORIENTED_EDGE('',*,*,#2047,.F.);
#2049=ORIENTED_EDGE('',*,*,#2032,.T.);
#2050=ORIENTED_EDGE('',*,*,#1988,.F.);
#2052=ORIENTED_EDGE('',*,*,#2051,.F.);
#2053=EDGE_LOOP('',(#2048,#2049,#2050,#2052));
#2054=FACE_OUTER_BOUND('',#2053,.F.);
#2056=CARTESIAN_POINT('',(1.E1,9.75E0,-4.11E0));
#2057=DIRECTION('',(1.E0,0.E0,0.E0));
#2058=DIRECTION('',(0.E0,-1.E0,0.E0));
#2059=AXIS2_PLACEMENT_3D('',#2056,#2057,#2058);
#2060=PLANE('',#2059);
#2062=ORIENTED_EDGE('',*,*,#2061,.T.);
#2064=ORIENTED_EDGE('',*,*,#2063,.F.);
#2066=ORIENTED_EDGE('',*,*,#2065,.F.);
#2068=ORIENTED_EDGE('',*,*,#2067,.T.);
#2069=ORIENTED_EDGE('',*,*,#2034,.F.);
#2070=ORIENTED_EDGE('',*,*,#2047,.T.);
#2072=ORIENTED_EDGE('',*,*,#2071,.F.);
#2074=ORIENTED_EDGE('',*,*,#2073,.F.);
#2075=EDGE_LOOP('',(#2062,#2064,#2066,#2068,#2069,#2070,#2072,#2074));
#2076=FACE_OUTER_BOUND('',#2075,.F.);
#2078=CARTESIAN_POINT('',(6.3E0,6.8E0,-5.08E0));
#2079=DIRECTION('',(0.E0,0.E0,1.E0));
#2080=DIRECTION('',(-1.E0,0.E0,0.E0));
#2081=AXIS2_PLACEMENT_3D('',#2078,#2079,#2080);
#2082=PLANE('',#2081);
#2084=ORIENTED_EDGE('',*,*,#2083,.T.);
#2085=ORIENTED_EDGE('',*,*,#2061,.F.);
#2087=ORIENTED_EDGE('',*,*,#2086,.F.);
#2089=ORIENTED_EDGE('',*,*,#2088,.F.);
#2091=ORIENTED_EDGE('',*,*,#2090,.T.);
#2093=ORIENTED_EDGE('',*,*,#2092,.T.);
#2094=EDGE_LOOP('',(#2084,#2085,#2087,#2089,#2091,#2093));
#2095=FACE_OUTER_BOUND('',#2094,.F.);
#2097=CARTESIAN_POINT('',(1.040101596438E1,5.668473325024E0,-1.27E0));
#2098=DIRECTION('',(4.999999999926E-1,8.660254037887E-1,0.E0));
#2099=DIRECTION('',(-8.660254037887E-1,4.999999999926E-1,0.E0));
#2100=AXIS2_PLACEMENT_3D('',#2097,#2098,#2099);
#2101=PLANE('',#2100);
#2102=ORIENTED_EDGE('',*,*,#2083,.F.);
#2104=ORIENTED_EDGE('',*,*,#2103,.F.);
#2106=ORIENTED_EDGE('',*,*,#2105,.F.);
#2108=ORIENTED_EDGE('',*,*,#2107,.T.);
#2110=ORIENTED_EDGE('',*,*,#2109,.F.);
#2112=ORIENTED_EDGE('',*,*,#2111,.T.);
#2114=ORIENTED_EDGE('',*,*,#2113,.T.);
#2116=ORIENTED_EDGE('',*,*,#2115,.T.);
#2118=ORIENTED_EDGE('',*,*,#2117,.F.);
#2120=ORIENTED_EDGE('',*,*,#2119,.T.);
#2122=ORIENTED_EDGE('',*,*,#2121,.F.);
#2124=ORIENTED_EDGE('',*,*,#2123,.F.);
#2126=ORIENTED_EDGE('',*,*,#2125,.F.);
#2127=ORIENTED_EDGE('',*,*,#2063,.T.);
#2128=EDGE_LOOP('',(#2102,#2104,#2106,#2108,#2110,#2112,#2114,#2116,#2118,#2120,
#2122,#2124,#2126,#2127));
#2129=FACE_OUTER_BOUND('',#2128,.F.);
#2131=CARTESIAN_POINT('',(8.807570806181E0,8.631319952196E0,-5.855204539113E0));
#2132=DIRECTION('',(0.E0,0.E0,1.E0));
#2133=DIRECTION('',(0.E0,-1.E0,0.E0));
#2134=AXIS2_PLACEMENT_3D('',#2131,#2132,#2133);
#2135=CYLINDRICAL_SURFACE('',#2134,3.E0);
#2136=ORIENTED_EDGE('',*,*,#2092,.F.);
#2138=ORIENTED_EDGE('',*,*,#2137,.F.);
#2140=ORIENTED_EDGE('',*,*,#2139,.F.);
#2142=ORIENTED_EDGE('',*,*,#2141,.F.);
#2144=ORIENTED_EDGE('',*,*,#2143,.F.);
#2145=ORIENTED_EDGE('',*,*,#2103,.T.);
#2146=EDGE_LOOP('',(#2136,#2138,#2140,#2142,#2144,#2145));
#2147=FACE_OUTER_BOUND('',#2146,.F.);
#2149=CARTESIAN_POINT('',(1.200282350877E1,8.165659976097E0,-5.38E0));
#2150=DIRECTION('',(8.660254037838E-1,-5.000000000010E-1,0.E0));
#2151=DIRECTION('',(5.000000000010E-1,8.660254037838E-1,0.E0));
#2152=AXIS2_PLACEMENT_3D('',#2149,#2150,#2151);
#2153=PLANE('',#2152);
#2155=ORIENTED_EDGE('',*,*,#2154,.F.);
#2157=ORIENTED_EDGE('',*,*,#2156,.F.);
#2158=ORIENTED_EDGE('',*,*,#2137,.T.);
#2159=ORIENTED_EDGE('',*,*,#2090,.F.);
#2160=EDGE_LOOP('',(#2155,#2157,#2158,#2159));
#2161=FACE_OUTER_BOUND('',#2160,.F.);
#2163=CARTESIAN_POINT('',(1.26E1,1.14E1,-5.98E0));
#2164=DIRECTION('',(1.E0,0.E0,0.E0));
#2165=DIRECTION('',(0.E0,1.E0,0.E0));
#2166=AXIS2_PLACEMENT_3D('',#2163,#2164,#2165);
#2167=PLANE('',#2166);
#2168=ORIENTED_EDGE('',*,*,#2088,.T.);
#2170=ORIENTED_EDGE('',*,*,#2169,.F.);
#2172=ORIENTED_EDGE('',*,*,#2171,.F.);
#2174=ORIENTED_EDGE('',*,*,#2173,.T.);
#2176=ORIENTED_EDGE('',*,*,#2175,.T.);
#2177=ORIENTED_EDGE('',*,*,#2154,.T.);
#2178=EDGE_LOOP('',(#2168,#2170,#2172,#2174,#2176,#2177));
#2179=FACE_OUTER_BOUND('',#2178,.F.);
#2181=CARTESIAN_POINT('',(7.4E0,1.36E1,-1.27E0));
#2182=DIRECTION('',(0.E0,1.E0,0.E0));
#2183=DIRECTION('',(-1.E0,0.E0,0.E0));
#2184=AXIS2_PLACEMENT_3D('',#2181,#2182,#2183);
#2185=PLANE('',#2184);
#2187=ORIENTED_EDGE('',*,*,#2186,.F.);
#2189=ORIENTED_EDGE('',*,*,#2188,.F.);
#2191=ORIENTED_EDGE('',*,*,#2190,.F.);
#2192=ORIENTED_EDGE('',*,*,#2169,.T.);
#2193=ORIENTED_EDGE('',*,*,#2086,.T.);
#2194=ORIENTED_EDGE('',*,*,#2073,.T.);
#2196=ORIENTED_EDGE('',*,*,#2195,.T.);
#2198=ORIENTED_EDGE('',*,*,#2197,.T.);
#2199=ORIENTED_EDGE('',*,*,#1946,.T.);
#2201=ORIENTED_EDGE('',*,*,#2200,.F.);
#2203=ORIENTED_EDGE('',*,*,#2202,.F.);
#2205=ORIENTED_EDGE('',*,*,#2204,.T.);
#2207=ORIENTED_EDGE('',*,*,#2206,.T.);
#2209=ORIENTED_EDGE('',*,*,#2208,.T.);
#2211=ORIENTED_EDGE('',*,*,#2210,.F.);
#2213=ORIENTED_EDGE('',*,*,#2212,.F.);
#2215=ORIENTED_EDGE('',*,*,#2214,.F.);
#2217=ORIENTED_EDGE('',*,*,#2216,.T.);
#2219=ORIENTED_EDGE('',*,*,#2218,.T.);
#2221=ORIENTED_EDGE('',*,*,#2220,.T.);
#2222=EDGE_LOOP('',(#2187,#2189,#2191,#2192,#2193,#2194,#2196,#2198,#2199,#2201,
#2203,#2205,#2207,#2209,#2211,#2213,#2215,#2217,#2219,#2221));
#2223=FACE_OUTER_BOUND('',#2222,.F.);
#2225=ORIENTED_EDGE('',*,*,#2224,.F.);
#2227=ORIENTED_EDGE('',*,*,#2226,.F.);
#2229=ORIENTED_EDGE('',*,*,#2228,.F.);
#2231=ORIENTED_EDGE('',*,*,#2230,.F.);
#2232=EDGE_LOOP('',(#2225,#2227,#2229,#2231));
#2233=FACE_BOUND('',#2232,.F.);
#2235=ORIENTED_EDGE('',*,*,#2234,.F.);
#2237=ORIENTED_EDGE('',*,*,#2236,.F.);
#2239=ORIENTED_EDGE('',*,*,#2238,.F.);
#2241=ORIENTED_EDGE('',*,*,#2240,.F.);
#2242=EDGE_LOOP('',(#2235,#2237,#2239,#2241));
#2243=FACE_BOUND('',#2242,.F.);
#2244=ORIENTED_EDGE('',*,*,#1962,.T.);
#2246=ORIENTED_EDGE('',*,*,#2245,.T.);
#2248=ORIENTED_EDGE('',*,*,#2247,.F.);
#2250=ORIENTED_EDGE('',*,*,#2249,.T.);
#2251=EDGE_LOOP('',(#2244,#2246,#2248,#2250));
#2252=FACE_BOUND('',#2251,.F.);
#2254=ORIENTED_EDGE('',*,*,#2253,.F.);
#2256=ORIENTED_EDGE('',*,*,#2255,.T.);
#2258=ORIENTED_EDGE('',*,*,#2257,.F.);
#2260=ORIENTED_EDGE('',*,*,#2259,.T.);
#2261=EDGE_LOOP('',(#2254,#2256,#2258,#2260));
#2262=FACE_BOUND('',#2261,.F.);
#2264=CARTESIAN_POINT('',(9.200000000001E0,1.3E1,-5.98E0));
#2265=DIRECTION('',(1.E0,0.E0,0.E0));
#2266=DIRECTION('',(0.E0,0.E0,1.E0));
#2267=AXIS2_PLACEMENT_3D('',#2264,#2265,#2266);
#2268=PLANE('',#2267);
#2270=ORIENTED_EDGE('',*,*,#2269,.F.);
#2271=ORIENTED_EDGE('',*,*,#2224,.T.);
#2273=ORIENTED_EDGE('',*,*,#2272,.F.);
#2275=ORIENTED_EDGE('',*,*,#2274,.F.);
#2276=EDGE_LOOP('',(#2270,#2271,#2273,#2275));
#2277=FACE_OUTER_BOUND('',#2276,.F.);
#2279=CARTESIAN_POINT('',(1.065E1,1.3E1,-5.58E0));
#2280=DIRECTION('',(0.E0,0.E0,1.E0));
#2281=DIRECTION('',(0.E0,-1.E0,0.E0));
#2282=AXIS2_PLACEMENT_3D('',#2279,#2280,#2281);
#2283=PLANE('',#2282);
#2285=ORIENTED_EDGE('',*,*,#2284,.F.);
#2286=ORIENTED_EDGE('',*,*,#2226,.T.);
#2287=ORIENTED_EDGE('',*,*,#2269,.T.);
#2289=ORIENTED_EDGE('',*,*,#2288,.F.);
#2290=EDGE_LOOP('',(#2285,#2286,#2287,#2289));
#2291=FACE_OUTER_BOUND('',#2290,.F.);
#2293=CARTESIAN_POINT('',(1.21E1,1.3E1,-5.98E0));
#2294=DIRECTION('',(1.E0,0.E0,0.E0));
#2295=DIRECTION('',(0.E0,0.E0,-1.E0));
#2296=AXIS2_PLACEMENT_3D('',#2293,#2294,#2295);
#2297=PLANE('',#2296);
#2299=ORIENTED_EDGE('',*,*,#2298,.F.);
#2300=ORIENTED_EDGE('',*,*,#2228,.T.);
#2301=ORIENTED_EDGE('',*,*,#2284,.T.);
#2303=ORIENTED_EDGE('',*,*,#2302,.F.);
#2304=EDGE_LOOP('',(#2299,#2300,#2301,#2303));
#2305=FACE_OUTER_BOUND('',#2304,.F.);
#2307=CARTESIAN_POINT('',(1.065E1,1.3E1,-6.38E0));
#2308=DIRECTION('',(0.E0,0.E0,1.E0));
#2309=DIRECTION('',(-1.E0,0.E0,0.E0));
#2310=AXIS2_PLACEMENT_3D('',#2307,#2308,#2309);
#2311=PLANE('',#2310);
#2312=ORIENTED_EDGE('',*,*,#2272,.T.);
#2313=ORIENTED_EDGE('',*,*,#2230,.T.);
#2314=ORIENTED_EDGE('',*,*,#2298,.T.);
#2316=ORIENTED_EDGE('',*,*,#2315,.F.);
#2317=EDGE_LOOP('',(#2312,#2313,#2314,#2316));
#2318=FACE_OUTER_BOUND('',#2317,.F.);
#2320=CARTESIAN_POINT('',(1.065E1,1.24E1,-5.98E0));
#2321=DIRECTION('',(0.E0,1.E0,0.E0));
#2322=DIRECTION('',(1.E0,0.E0,0.E0));
#2323=AXIS2_PLACEMENT_3D('',#2320,#2321,#2322);
#2324=PLANE('',#2323);
#2325=ORIENTED_EDGE('',*,*,#2302,.T.);
#2326=ORIENTED_EDGE('',*,*,#2288,.T.);
#2327=ORIENTED_EDGE('',*,*,#2274,.T.);
#2328=ORIENTED_EDGE('',*,*,#2315,.T.);
#2329=EDGE_LOOP('',(#2325,#2326,#2327,#2328));
#2330=FACE_OUTER_BOUND('',#2329,.F.);
#2332=CARTESIAN_POINT('',(5.499999125599E0,6.8E0,-5.08E0));
#2333=DIRECTION('',(0.E0,0.E0,1.E0));
#2334=DIRECTION('',(-1.E0,0.E0,0.E0));
#2335=AXIS2_PLACEMENT_3D('',#2332,#2333,#2334);
#2336=PLANE('',#2335);
#2338=ORIENTED_EDGE('',*,*,#2337,.F.);
#2340=ORIENTED_EDGE('',*,*,#2339,.F.);
#2342=ORIENTED_EDGE('',*,*,#2341,.F.);
#2344=ORIENTED_EDGE('',*,*,#2343,.T.);
#2345=EDGE_LOOP('',(#2338,#2340,#2342,#2344));
#2346=FACE_OUTER_BOUND('',#2345,.F.);
#2348=CARTESIAN_POINT('',(5.499999125599E0,6.8E0,-5.08E0));
#2349=DIRECTION('',(0.E0,0.E0,1.E0));
#2350=DIRECTION('',(-1.E0,0.E0,0.E0));
#2351=AXIS2_PLACEMENT_3D('',#2348,#2349,#2350);
#2352=PLANE('',#2351);
#2354=ORIENTED_EDGE('',*,*,#2353,.F.);
#2356=ORIENTED_EDGE('',*,*,#2355,.T.);
#2358=ORIENTED_EDGE('',*,*,#2357,.F.);
#2359=ORIENTED_EDGE('',*,*,#2186,.T.);
#2361=ORIENTED_EDGE('',*,*,#2360,.T.);
#2363=ORIENTED_EDGE('',*,*,#2362,.T.);
#2364=EDGE_LOOP('',(#2354,#2356,#2358,#2359,#2361,#2363));
#2365=FACE_OUTER_BOUND('',#2364,.F.);
#2367=CARTESIAN_POINT('',(5.499999125599E0,6.8E0,-5.08E0));
#2368=DIRECTION('',(0.E0,0.E0,1.E0));
#2369=DIRECTION('',(-1.E0,0.E0,0.E0));
#2370=AXIS2_PLACEMENT_3D('',#2367,#2368,#2369);
#2371=PLANE('',#2370);
#2373=ORIENTED_EDGE('',*,*,#2372,.T.);
#2374=ORIENTED_EDGE('',*,*,#2253,.T.);
#2376=ORIENTED_EDGE('',*,*,#2375,.F.);
#2378=ORIENTED_EDGE('',*,*,#2377,.T.);
#2379=EDGE_LOOP('',(#2373,#2374,#2376,#2378));
#2380=FACE_OUTER_BOUND('',#2379,.F.);
#2382=CARTESIAN_POINT('',(8.400000000001E0,1.055E1,-6.130000000001E0));
#2383=DIRECTION('',(1.E0,0.E0,0.E0));
#2384=DIRECTION('',(0.E0,1.E0,0.E0));
#2385=AXIS2_PLACEMENT_3D('',#2382,#2383,#2384);
#2386=PLANE('',#2385);
#2387=ORIENTED_EDGE('',*,*,#2337,.T.);
#2389=ORIENTED_EDGE('',*,*,#2388,.F.);
#2391=ORIENTED_EDGE('',*,*,#2390,.F.);
#2393=ORIENTED_EDGE('',*,*,#2392,.F.);
#2394=ORIENTED_EDGE('',*,*,#2353,.T.);
#2396=ORIENTED_EDGE('',*,*,#2395,.F.);
#2398=ORIENTED_EDGE('',*,*,#2397,.F.);
#2400=ORIENTED_EDGE('',*,*,#2399,.T.);
#2402=ORIENTED_EDGE('',*,*,#2401,.F.);
#2403=EDGE_LOOP('',(#2387,#2389,#2391,#2393,#2394,#2396,#2398,#2400,#2402));
#2404=FACE_OUTER_BOUND('',#2403,.F.);
#2406=CARTESIAN_POINT('',(8.462725307499E0,1.034071784309E1,-5.054795460887E0));
#2407=DIRECTION('',(0.E0,0.E0,-1.E0));
#2408=DIRECTION('',(0.E0,1.E0,0.E0));
#2409=AXIS2_PLACEMENT_3D('',#2406,#2407,#2408);
#2410=CYLINDRICAL_SURFACE('',#2409,2.791915826700E-1);
#2411=ORIENTED_EDGE('',*,*,#2343,.F.);
#2413=ORIENTED_EDGE('',*,*,#2412,.T.);
#2415=ORIENTED_EDGE('',*,*,#2414,.F.);
#2417=ORIENTED_EDGE('',*,*,#2416,.F.);
#2418=ORIENTED_EDGE('',*,*,#2388,.T.);
#2419=EDGE_LOOP('',(#2411,#2413,#2415,#2417,#2418));
#2420=FACE_OUTER_BOUND('',#2419,.F.);
#2422=CARTESIAN_POINT('',(8.992739552514E0,9.846485516296E0,-5.38E0));
#2423=DIRECTION('',(9.111067457649E-1,4.121704717975E-1,0.E0));
#2424=DIRECTION('',(4.121704717975E-1,-9.111067457649E-1,0.E0));
#2425=AXIS2_PLACEMENT_3D('',#2422,#2423,#2424);
#2426=PLANE('',#2425);
#2427=ORIENTED_EDGE('',*,*,#2341,.T.);
#2429=ORIENTED_EDGE('',*,*,#2428,.T.);
#2431=ORIENTED_EDGE('',*,*,#2430,.F.);
#2432=ORIENTED_EDGE('',*,*,#2412,.F.);
#2433=EDGE_LOOP('',(#2427,#2429,#2431,#2432));
#2434=FACE_OUTER_BOUND('',#2433,.F.);
#2436=CARTESIAN_POINT('',(9.2E0,9.25E0,-5.405000000002E0));
#2437=DIRECTION('',(1.842885350502E-1,9.828721869343E-1,0.E0));
#2438=DIRECTION('',(-9.828721869343E-1,1.842885350502E-1,0.E0));
#2439=AXIS2_PLACEMENT_3D('',#2436,#2437,#2438);
#2440=PLANE('',#2439);
#2441=ORIENTED_EDGE('',*,*,#2339,.T.);
#2442=ORIENTED_EDGE('',*,*,#2401,.T.);
#2444=ORIENTED_EDGE('',*,*,#2443,.F.);
#2446=ORIENTED_EDGE('',*,*,#2445,.T.);
#2448=ORIENTED_EDGE('',*,*,#2447,.F.);
#2449=ORIENTED_EDGE('',*,*,#2428,.F.);
#2450=EDGE_LOOP('',(#2441,#2442,#2444,#2446,#2448,#2449));
#2451=FACE_OUTER_BOUND('',#2450,.F.);
#2453=CARTESIAN_POINT('',(9.199999999999E0,9.899999999999E0,-6.455000000001E0));
#2454=DIRECTION('',(1.382658678012E-1,7.374179615989E-1,6.611333448803E-1));
#2455=DIRECTION('',(0.E0,6.675450157512E-1,-7.445694406472E-1));
#2456=AXIS2_PLACEMENT_3D('',#2453,#2454,#2455);
#2457=PLANE('',#2456);
#2459=ORIENTED_EDGE('',*,*,#2458,.F.);
#2460=ORIENTED_EDGE('',*,*,#2443,.T.);
#2461=ORIENTED_EDGE('',*,*,#2399,.F.);
#2463=ORIENTED_EDGE('',*,*,#2462,.F.);
#2464=EDGE_LOOP('',(#2459,#2460,#2461,#2463));
#2465=FACE_OUTER_BOUND('',#2464,.F.);
#2467=CARTESIAN_POINT('',(1.E1,9.75E0,-6.65E0));
#2468=DIRECTION('',(1.E0,0.E0,0.E0));
#2469=DIRECTION('',(0.E0,-1.E0,0.E0));
#2470=AXIS2_PLACEMENT_3D('',#2467,#2468,#2469);
#2471=PLANE('',#2470);
#2473=ORIENTED_EDGE('',*,*,#2472,.T.);
#2474=ORIENTED_EDGE('',*,*,#2445,.F.);
#2475=ORIENTED_EDGE('',*,*,#2458,.T.);
#2477=ORIENTED_EDGE('',*,*,#2476,.F.);
#2478=ORIENTED_EDGE('',*,*,#2216,.F.);
#2480=ORIENTED_EDGE('',*,*,#2479,.F.);
#2481=ORIENTED_EDGE('',*,*,#2107,.F.);
#2483=ORIENTED_EDGE('',*,*,#2482,.F.);
#2484=EDGE_LOOP('',(#2473,#2474,#2475,#2477,#2478,#2480,#2481,#2483));
#2485=FACE_OUTER_BOUND('',#2484,.F.);
#2487=CARTESIAN_POINT('',(1.05E1,8.95E0,-5.68E0));
#2488=DIRECTION('',(0.E0,0.E0,1.E0));
#2489=DIRECTION('',(1.E0,0.E0,0.E0));
#2490=AXIS2_PLACEMENT_3D('',#2487,#2488,#2489);
#2491=PLANE('',#2490);
#2492=ORIENTED_EDGE('',*,*,#2472,.F.);
#2494=ORIENTED_EDGE('',*,*,#2493,.F.);
#2495=ORIENTED_EDGE('',*,*,#2139,.T.);
#2496=ORIENTED_EDGE('',*,*,#2156,.T.);
#2497=ORIENTED_EDGE('',*,*,#2175,.F.);
#2499=ORIENTED_EDGE('',*,*,#2498,.F.);
#2501=ORIENTED_EDGE('',*,*,#2500,.F.);
#2503=ORIENTED_EDGE('',*,*,#2502,.T.);
#2504=ORIENTED_EDGE('',*,*,#2390,.T.);
#2505=ORIENTED_EDGE('',*,*,#2416,.T.);
#2506=ORIENTED_EDGE('',*,*,#2414,.T.);
#2507=ORIENTED_EDGE('',*,*,#2430,.T.);
#2508=ORIENTED_EDGE('',*,*,#2447,.T.);
#2509=EDGE_LOOP('',(#2492,#2494,#2495,#2496,#2497,#2499,#2501,#2503,#2504,#2505,
#2506,#2507,#2508));
#2510=FACE_OUTER_BOUND('',#2509,.F.);
#2512=CARTESIAN_POINT('',(1.002424719054E1,5.9E0,-5.755E0));
#2513=DIRECTION('',(0.E0,1.E0,0.E0));
#2514=DIRECTION('',(-1.E0,0.E0,0.E0));
#2515=AXIS2_PLACEMENT_3D('',#2512,#2513,#2514);
#2516=PLANE('',#2515);
#2517=ORIENTED_EDGE('',*,*,#2493,.T.);
#2518=ORIENTED_EDGE('',*,*,#2482,.T.);
#2520=ORIENTED_EDGE('',*,*,#2519,.F.);
#2521=ORIENTED_EDGE('',*,*,#2141,.T.);
#2522=EDGE_LOOP('',(#2517,#2518,#2520,#2521));
#2523=FACE_OUTER_BOUND('',#2522,.F.);
#2525=CARTESIAN_POINT('',(1.002424719054E1,5.893880916504E0,-5.83E0));
#2526=DIRECTION('',(0.E0,0.E0,1.E0));
#2527=DIRECTION('',(1.E0,0.E0,0.E0));
#2528=AXIS2_PLACEMENT_3D('',#2525,#2526,#2527);
#2529=PLANE('',#2528);
#2530=ORIENTED_EDGE('',*,*,#2519,.T.);
#2531=ORIENTED_EDGE('',*,*,#2105,.T.);
#2532=ORIENTED_EDGE('',*,*,#2143,.T.);
#2533=EDGE_LOOP('',(#2530,#2531,#2532));
#2534=FACE_OUTER_BOUND('',#2533,.F.);
#2536=CARTESIAN_POINT('',(1.065E1,1.18E1,-6.28E0));
#2537=DIRECTION('',(0.E0,7.071067811865E-1,7.071067811865E-1));
#2538=DIRECTION('',(0.E0,7.071067811865E-1,-7.071067811865E-1));
#2539=AXIS2_PLACEMENT_3D('',#2536,#2537,#2538);
#2540=PLANE('',#2539);
#2541=ORIENTED_EDGE('',*,*,#2498,.T.);
#2542=ORIENTED_EDGE('',*,*,#2173,.F.);
#2544=ORIENTED_EDGE('',*,*,#2543,.F.);
#2546=ORIENTED_EDGE('',*,*,#2545,.F.);
#2547=EDGE_LOOP('',(#2541,#2542,#2544,#2546));
#2548=FACE_OUTER_BOUND('',#2547,.F.);
#2550=CARTESIAN_POINT('',(1.065E1,1.3E1,-6.88E0));
#2551=DIRECTION('',(0.E0,0.E0,1.E0));
#2552=DIRECTION('',(0.E0,1.E0,0.E0));
#2553=AXIS2_PLACEMENT_3D('',#2550,#2551,#2552);
#2554=PLANE('',#2553);
#2555=ORIENTED_EDGE('',*,*,#2543,.T.);
#2556=ORIENTED_EDGE('',*,*,#2171,.T.);
#2557=ORIENTED_EDGE('',*,*,#2190,.T.);
#2559=ORIENTED_EDGE('',*,*,#2558,.T.);
#2560=EDGE_LOOP('',(#2555,#2556,#2557,#2559));
#2561=FACE_OUTER_BOUND('',#2560,.F.);
#2563=CARTESIAN_POINT('',(8.700000000001E0,1.24E1,-5.98E0));
#2564=DIRECTION('',(1.E0,0.E0,0.E0));
#2565=DIRECTION('',(0.E0,-1.E0,0.E0));
#2566=AXIS2_PLACEMENT_3D('',#2563,#2564,#2565);
#2567=PLANE('',#2566);
#2568=ORIENTED_EDGE('',*,*,#2357,.T.);
#2570=ORIENTED_EDGE('',*,*,#2569,.F.);
#2571=ORIENTED_EDGE('',*,*,#2500,.T.);
#2572=ORIENTED_EDGE('',*,*,#2545,.T.);
#2573=ORIENTED_EDGE('',*,*,#2558,.F.);
#2574=ORIENTED_EDGE('',*,*,#2188,.T.);
#2575=EDGE_LOOP('',(#2568,#2570,#2571,#2572,#2573,#2574));
#2576=FACE_OUTER_BOUND('',#2575,.F.);
#2578=CARTESIAN_POINT('',(8.200000000001E0,1.2E1,-5.705204539113E0));
#2579=DIRECTION('',(0.E0,0.E0,1.E0));
#2580=DIRECTION('',(0.E0,-1.E0,0.E0));
#2581=AXIS2_PLACEMENT_3D('',#2578,#2579,#2580);
#2582=CYLINDRICAL_SURFACE('',#2581,5.E-1);
#2583=ORIENTED_EDGE('',*,*,#2355,.F.);
#2584=ORIENTED_EDGE('',*,*,#2392,.T.);
#2585=ORIENTED_EDGE('',*,*,#2502,.F.);
#2586=ORIENTED_EDGE('',*,*,#2569,.T.);
#2587=EDGE_LOOP('',(#2583,#2584,#2585,#2586));
#2588=FACE_OUTER_BOUND('',#2587,.F.);
#2590=CARTESIAN_POINT('',(9.199999999999E0,1.2E1,-7.18E0));
#2591=DIRECTION('',(0.E0,0.E0,1.E0));
#2592=DIRECTION('',(0.E0,1.E0,0.E0));
#2593=AXIS2_PLACEMENT_3D('',#2590,#2591,#2592);
#2594=PLANE('',#2593);
#2596=ORIENTED_EDGE('',*,*,#2595,.T.);
#2598=ORIENTED_EDGE('',*,*,#2597,.F.);
#2599=ORIENTED_EDGE('',*,*,#2218,.F.);
#2600=ORIENTED_EDGE('',*,*,#2476,.T.);
#2601=ORIENTED_EDGE('',*,*,#2462,.T.);
#2602=ORIENTED_EDGE('',*,*,#2397,.T.);
#2603=EDGE_LOOP('',(#2596,#2598,#2599,#2600,#2601,#2602));
#2604=FACE_OUTER_BOUND('',#2603,.F.);
#2606=CARTESIAN_POINT('',(8.5E0,1.18E1,-6.130000004983E0));
#2607=DIRECTION('',(-7.071067811820E-1,7.071067811911E-1,0.E0));
#2608=DIRECTION('',(0.E0,0.E0,-1.E0));
#2609=AXIS2_PLACEMENT_3D('',#2606,#2607,#2608);
#2610=PLANE('',#2609);
#2611=ORIENTED_EDGE('',*,*,#2362,.F.);
#2613=ORIENTED_EDGE('',*,*,#2612,.F.);
#2614=ORIENTED_EDGE('',*,*,#2595,.F.);
#2615=ORIENTED_EDGE('',*,*,#2395,.T.);
#2616=EDGE_LOOP('',(#2611,#2613,#2614,#2615));
#2617=FACE_OUTER_BOUND('',#2616,.F.);
#2619=CARTESIAN_POINT('',(8.6E0,1.275E1,-6.130000078791E0));
#2620=DIRECTION('',(1.E0,0.E0,0.E0));
#2621=DIRECTION('',(0.E0,1.E0,0.E0));
#2622=AXIS2_PLACEMENT_3D('',#2619,#2620,#2621);
#2623=PLANE('',#2622);
#2624=ORIENTED_EDGE('',*,*,#2360,.F.);
#2625=ORIENTED_EDGE('',*,*,#2220,.F.);
#2626=ORIENTED_EDGE('',*,*,#2597,.T.);
#2627=ORIENTED_EDGE('',*,*,#2612,.T.);
#2628=EDGE_LOOP('',(#2624,#2625,#2626,#2627));
#2629=FACE_OUTER_BOUND('',#2628,.F.);
#2631=CARTESIAN_POINT('',(5.499999125599E0,6.8E0,-7.62E0));
#2632=DIRECTION('',(0.E0,0.E0,1.E0));
#2633=DIRECTION('',(-1.E0,0.E0,0.E0));
#2634=AXIS2_PLACEMENT_3D('',#2631,#2632,#2633);
#2635=PLANE('',#2634);
#2637=ORIENTED_EDGE('',*,*,#2636,.F.);
#2639=ORIENTED_EDGE('',*,*,#2638,.F.);
#2641=ORIENTED_EDGE('',*,*,#2640,.F.);
#2643=ORIENTED_EDGE('',*,*,#2642,.F.);
#2645=ORIENTED_EDGE('',*,*,#2644,.F.);
#2647=ORIENTED_EDGE('',*,*,#2646,.T.);
#2648=ORIENTED_EDGE('',*,*,#2109,.T.);
#2649=ORIENTED_EDGE('',*,*,#2479,.T.);
#2650=ORIENTED_EDGE('',*,*,#2214,.T.);
#2652=ORIENTED_EDGE('',*,*,#2651,.T.);
#2654=ORIENTED_EDGE('',*,*,#2653,.T.);
#2656=ORIENTED_EDGE('',*,*,#2655,.T.);
#2658=ORIENTED_EDGE('',*,*,#2657,.T.);
#2660=ORIENTED_EDGE('',*,*,#2659,.T.);
#2662=ORIENTED_EDGE('',*,*,#2661,.F.);
#2664=ORIENTED_EDGE('',*,*,#2663,.F.);
#2666=ORIENTED_EDGE('',*,*,#2665,.F.);
#2667=EDGE_LOOP('',(#2637,#2639,#2641,#2643,#2645,#2647,#2648,#2649,#2650,#2652,
#2654,#2656,#2658,#2660,#2662,#2664,#2666));
#2668=FACE_OUTER_BOUND('',#2667,.F.);
#2670=CARTESIAN_POINT('',(3.000000000001E-1,3.02E0,-1.27E0));
#2671=DIRECTION('',(1.E0,0.E0,0.E0));
#2672=DIRECTION('',(0.E0,-1.E0,0.E0));
#2673=AXIS2_PLACEMENT_3D('',#2670,#2671,#2672);
#2674=PLANE('',#2673);
#2676=ORIENTED_EDGE('',*,*,#2675,.F.);
#2677=ORIENTED_EDGE('',*,*,#2636,.T.);
#2679=ORIENTED_EDGE('',*,*,#2678,.F.);
#2681=ORIENTED_EDGE('',*,*,#2680,.F.);
#2682=EDGE_LOOP('',(#2676,#2677,#2679,#2681));
#2683=FACE_OUTER_BOUND('',#2682,.F.);
#2685=ORIENTED_EDGE('',*,*,#2684,.F.);
#2687=ORIENTED_EDGE('',*,*,#2686,.F.);
#2689=ORIENTED_EDGE('',*,*,#2688,.F.);
#2691=ORIENTED_EDGE('',*,*,#2690,.F.);
#2692=EDGE_LOOP('',(#2685,#2687,#2689,#2691));
#2693=FACE_BOUND('',#2692,.F.);
#2695=ORIENTED_EDGE('',*,*,#2694,.F.);
#2697=ORIENTED_EDGE('',*,*,#2696,.F.);
#2699=ORIENTED_EDGE('',*,*,#2698,.F.);
#2701=ORIENTED_EDGE('',*,*,#2700,.F.);
#2702=EDGE_LOOP('',(#2695,#2697,#2699,#2701));
#2703=FACE_BOUND('',#2702,.F.);
#2705=CARTESIAN_POINT('',(-1.1E0,3.37E0,-6.72E0));
#2706=DIRECTION('',(0.E0,1.E0,0.E0));
#2707=DIRECTION('',(1.E0,0.E0,0.E0));
#2708=AXIS2_PLACEMENT_3D('',#2705,#2706,#2707);
#2709=PLANE('',#2708);
#2711=ORIENTED_EDGE('',*,*,#2710,.F.);
#2713=ORIENTED_EDGE('',*,*,#2712,.F.);
#2715=ORIENTED_EDGE('',*,*,#2714,.F.);
#2716=ORIENTED_EDGE('',*,*,#2694,.T.);
#2717=EDGE_LOOP('',(#2711,#2713,#2715,#2716));
#2718=FACE_OUTER_BOUND('',#2717,.F.);
#2720=CARTESIAN_POINT('',(-1.45E0,3.02E0,-6.47E0));
#2721=DIRECTION('',(0.E0,0.E0,1.E0));
#2722=DIRECTION('',(-1.E0,0.E0,0.E0));
#2723=AXIS2_PLACEMENT_3D('',#2720,#2721,#2722);
#2724=PLANE('',#2723);
#2726=ORIENTED_EDGE('',*,*,#2725,.F.);
#2728=ORIENTED_EDGE('',*,*,#2727,.T.);
#2730=ORIENTED_EDGE('',*,*,#2729,.F.);
#2732=ORIENTED_EDGE('',*,*,#2731,.T.);
#2733=ORIENTED_EDGE('',*,*,#2710,.T.);
#2734=ORIENTED_EDGE('',*,*,#2700,.T.);
#2735=EDGE_LOOP('',(#2726,#2728,#2730,#2732,#2733,#2734));
#2736=FACE_OUTER_BOUND('',#2735,.F.);
#2738=CARTESIAN_POINT('',(-1.099999999999E0,2.67E0,-6.72E0));
#2739=DIRECTION('',(0.E0,1.E0,0.E0));
#2740=DIRECTION('',(-1.E0,0.E0,0.E0));
#2741=AXIS2_PLACEMENT_3D('',#2738,#2739,#2740);
#2742=PLANE('',#2741);
#2743=ORIENTED_EDGE('',*,*,#2725,.T.);
#2744=ORIENTED_EDGE('',*,*,#2698,.T.);
#2746=ORIENTED_EDGE('',*,*,#2745,.F.);
#2748=ORIENTED_EDGE('',*,*,#2747,.F.);
#2749=EDGE_LOOP('',(#2743,#2744,#2746,#2748));
#2750=FACE_OUTER_BOUND('',#2749,.F.);
#2752=CARTESIAN_POINT('',(-1.45E0,3.02E0,-6.97E0));
#2753=DIRECTION('',(0.E0,0.E0,1.E0));
#2754=DIRECTION('',(1.E0,0.E0,0.E0));
#2755=AXIS2_PLACEMENT_3D('',#2752,#2753,#2754);
#2756=PLANE('',#2755);
#2757=ORIENTED_EDGE('',*,*,#2745,.T.);
#2758=ORIENTED_EDGE('',*,*,#2696,.T.);
#2759=ORIENTED_EDGE('',*,*,#2714,.T.);
#2761=ORIENTED_EDGE('',*,*,#2760,.T.);
#2763=ORIENTED_EDGE('',*,*,#2762,.F.);
#2765=ORIENTED_EDGE('',*,*,#2764,.T.);
#2766=EDGE_LOOP('',(#2757,#2758,#2759,#2761,#2763,#2765));
#2767=FACE_OUTER_BOUND('',#2766,.F.);
#2769=CARTESIAN_POINT('',(-2.85E0,3.27E0,-6.72E0));
#2770=DIRECTION('',(-2.747211278967E-1,9.615239476410E-1,0.E0));
#2771=DIRECTION('',(9.615239476410E-1,2.747211278967E-1,0.E0));
#2772=AXIS2_PLACEMENT_3D('',#2769,#2770,#2771);
#2773=PLANE('',#2772);
#2774=ORIENTED_EDGE('',*,*,#2731,.F.);
#2776=ORIENTED_EDGE('',*,*,#2775,.F.);
#2777=ORIENTED_EDGE('',*,*,#2760,.F.);
#2778=ORIENTED_EDGE('',*,*,#2712,.T.);
#2779=EDGE_LOOP('',(#2774,#2776,#2777,#2778));
#2780=FACE_OUTER_BOUND('',#2779,.F.);
#2782=CARTESIAN_POINT('',(-3.199999999999E0,3.02E0,-6.72E0));
#2783=DIRECTION('',(1.E0,0.E0,0.E0));
#2784=DIRECTION('',(0.E0,1.E0,0.E0));
#2785=AXIS2_PLACEMENT_3D('',#2782,#2783,#2784);
#2786=PLANE('',#2785);
#2787=ORIENTED_EDGE('',*,*,#2729,.T.);
#2789=ORIENTED_EDGE('',*,*,#2788,.F.);
#2790=ORIENTED_EDGE('',*,*,#2762,.T.);
#2791=ORIENTED_EDGE('',*,*,#2775,.T.);
#2792=EDGE_LOOP('',(#2787,#2789,#2790,#2791));
#2793=FACE_OUTER_BOUND('',#2792,.F.);
#2795=CARTESIAN_POINT('',(-2.85E0,2.77E0,-6.72E0));
#2796=DIRECTION('',(2.747211278967E-1,9.615239476410E-1,0.E0));
#2797=DIRECTION('',(-9.615239476410E-1,2.747211278967E-1,0.E0));
#2798=AXIS2_PLACEMENT_3D('',#2795,#2796,#2797);
#2799=PLANE('',#2798);
#2800=ORIENTED_EDGE('',*,*,#2727,.F.);
#2801=ORIENTED_EDGE('',*,*,#2747,.T.);
#2802=ORIENTED_EDGE('',*,*,#2764,.F.);
#2803=ORIENTED_EDGE('',*,*,#2788,.T.);
#2804=EDGE_LOOP('',(#2800,#2801,#2802,#2803));
#2805=FACE_OUTER_BOUND('',#2804,.F.);
#2807=CARTESIAN_POINT('',(-1.1E0,3.37E0,-4.18E0));
#2808=DIRECTION('',(0.E0,1.E0,0.E0));
#2809=DIRECTION('',(1.E0,0.E0,0.E0));
#2810=AXIS2_PLACEMENT_3D('',#2807,#2808,#2809);
#2811=PLANE('',#2810);
#2813=ORIENTED_EDGE('',*,*,#2812,.F.);
#2815=ORIENTED_EDGE('',*,*,#2814,.F.);
#2817=ORIENTED_EDGE('',*,*,#2816,.F.);
#2818=ORIENTED_EDGE('',*,*,#2684,.T.);
#2819=EDGE_LOOP('',(#2813,#2815,#2817,#2818));
#2820=FACE_OUTER_BOUND('',#2819,.F.);
#2822=CARTESIAN_POINT('',(-1.45E0,3.02E0,-3.93E0));
#2823=DIRECTION('',(0.E0,0.E0,1.E0));
#2824=DIRECTION('',(-1.E0,0.E0,0.E0));
#2825=AXIS2_PLACEMENT_3D('',#2822,#2823,#2824);
#2826=PLANE('',#2825);
#2828=ORIENTED_EDGE('',*,*,#2827,.F.);
#2830=ORIENTED_EDGE('',*,*,#2829,.T.);
#2832=ORIENTED_EDGE('',*,*,#2831,.F.);
#2834=ORIENTED_EDGE('',*,*,#2833,.T.);
#2835=ORIENTED_EDGE('',*,*,#2812,.T.);
#2836=ORIENTED_EDGE('',*,*,#2690,.T.);
#2837=EDGE_LOOP('',(#2828,#2830,#2832,#2834,#2835,#2836));
#2838=FACE_OUTER_BOUND('',#2837,.F.);
#2840=CARTESIAN_POINT('',(-1.099999999999E0,2.67E0,-4.18E0));
#2841=DIRECTION('',(0.E0,1.E0,0.E0));
#2842=DIRECTION('',(-1.E0,0.E0,0.E0));
#2843=AXIS2_PLACEMENT_3D('',#2840,#2841,#2842);
#2844=PLANE('',#2843);
#2845=ORIENTED_EDGE('',*,*,#2827,.T.);
#2846=ORIENTED_EDGE('',*,*,#2688,.T.);
#2848=ORIENTED_EDGE('',*,*,#2847,.F.);
#2850=ORIENTED_EDGE('',*,*,#2849,.F.);
#2851=EDGE_LOOP('',(#2845,#2846,#2848,#2850));
#2852=FACE_OUTER_BOUND('',#2851,.F.);
#2854=CARTESIAN_POINT('',(-1.45E0,3.02E0,-4.43E0));
#2855=DIRECTION('',(0.E0,0.E0,1.E0));
#2856=DIRECTION('',(1.E0,0.E0,0.E0));
#2857=AXIS2_PLACEMENT_3D('',#2854,#2855,#2856);
#2858=PLANE('',#2857);
#2859=ORIENTED_EDGE('',*,*,#2847,.T.);
#2860=ORIENTED_EDGE('',*,*,#2686,.T.);
#2861=ORIENTED_EDGE('',*,*,#2816,.T.);
#2863=ORIENTED_EDGE('',*,*,#2862,.T.);
#2865=ORIENTED_EDGE('',*,*,#2864,.F.);
#2867=ORIENTED_EDGE('',*,*,#2866,.T.);
#2868=EDGE_LOOP('',(#2859,#2860,#2861,#2863,#2865,#2867));
#2869=FACE_OUTER_BOUND('',#2868,.F.);
#2871=CARTESIAN_POINT('',(-2.85E0,3.27E0,-4.18E0));
#2872=DIRECTION('',(-2.747211278967E-1,9.615239476410E-1,0.E0));
#2873=DIRECTION('',(9.615239476410E-1,2.747211278967E-1,0.E0));
#2874=AXIS2_PLACEMENT_3D('',#2871,#2872,#2873);
#2875=PLANE('',#2874);
#2876=ORIENTED_EDGE('',*,*,#2833,.F.);
#2878=ORIENTED_EDGE('',*,*,#2877,.F.);
#2879=ORIENTED_EDGE('',*,*,#2862,.F.);
#2880=ORIENTED_EDGE('',*,*,#2814,.T.);
#2881=EDGE_LOOP('',(#2876,#2878,#2879,#2880));
#2882=FACE_OUTER_BOUND('',#2881,.F.);
#2884=CARTESIAN_POINT('',(-3.199999999999E0,3.02E0,-4.18E0));
#2885=DIRECTION('',(1.E0,0.E0,0.E0));
#2886=DIRECTION('',(0.E0,1.E0,0.E0));
#2887=AXIS2_PLACEMENT_3D('',#2884,#2885,#2886);
#2888=PLANE('',#2887);
#2889=ORIENTED_EDGE('',*,*,#2831,.T.);
#2891=ORIENTED_EDGE('',*,*,#2890,.F.);
#2892=ORIENTED_EDGE('',*,*,#2864,.T.);
#2893=ORIENTED_EDGE('',*,*,#2877,.T.);
#2894=EDGE_LOOP('',(#2889,#2891,#2892,#2893));
#2895=FACE_OUTER_BOUND('',#2894,.F.);
#2897=CARTESIAN_POINT('',(-2.85E0,2.77E0,-4.18E0));
#2898=DIRECTION('',(2.747211278967E-1,9.615239476410E-1,0.E0));
#2899=DIRECTION('',(-9.615239476410E-1,2.747211278967E-1,0.E0));
#2900=AXIS2_PLACEMENT_3D('',#2897,#2898,#2899);
#2901=PLANE('',#2900);
#2902=ORIENTED_EDGE('',*,*,#2829,.F.);
#2903=ORIENTED_EDGE('',*,*,#2849,.T.);
#2904=ORIENTED_EDGE('',*,*,#2866,.F.);
#2905=ORIENTED_EDGE('',*,*,#2890,.T.);
#2906=EDGE_LOOP('',(#2902,#2903,#2904,#2905));
#2907=FACE_OUTER_BOUND('',#2906,.F.);
#2909=CARTESIAN_POINT('',(1.500000000001E-1,1.67E0,-1.27E0));
#2910=DIRECTION('',(0.E0,1.E0,0.E0));
#2911=DIRECTION('',(-1.E0,0.E0,0.E0));
#2912=AXIS2_PLACEMENT_3D('',#2909,#2910,#2911);
#2913=PLANE('',#2912);
#2915=ORIENTED_EDGE('',*,*,#2914,.F.);
#2916=ORIENTED_EDGE('',*,*,#2638,.T.);
#2917=ORIENTED_EDGE('',*,*,#2675,.T.);
#2919=ORIENTED_EDGE('',*,*,#2918,.F.);
#2920=EDGE_LOOP('',(#2915,#2916,#2917,#2919));
#2921=FACE_OUTER_BOUND('',#2920,.F.);
#2923=CARTESIAN_POINT('',(0.E0,8.35E-1,-1.27E0));
#2924=DIRECTION('',(1.E0,0.E0,0.E0));
#2925=DIRECTION('',(0.E0,-1.E0,0.E0));
#2926=AXIS2_PLACEMENT_3D('',#2923,#2924,#2925);
#2927=PLANE('',#2926);
#2929=ORIENTED_EDGE('',*,*,#2928,.F.);
#2930=ORIENTED_EDGE('',*,*,#2640,.T.);
#2931=ORIENTED_EDGE('',*,*,#2914,.T.);
#2933=ORIENTED_EDGE('',*,*,#2932,.F.);
#2934=EDGE_LOOP('',(#2929,#2930,#2931,#2933));
#2935=FACE_OUTER_BOUND('',#2934,.F.);
#2937=CARTESIAN_POINT('',(7.25E-1,0.E0,-1.27E0));
#2938=DIRECTION('',(0.E0,1.E0,0.E0));
#2939=DIRECTION('',(1.E0,0.E0,0.E0));
#2940=AXIS2_PLACEMENT_3D('',#2937,#2938,#2939);
#2941=PLANE('',#2940);
#2943=ORIENTED_EDGE('',*,*,#2942,.F.);
#2944=ORIENTED_EDGE('',*,*,#2642,.T.);
#2945=ORIENTED_EDGE('',*,*,#2928,.T.);
#2947=ORIENTED_EDGE('',*,*,#2946,.F.);
#2949=ORIENTED_EDGE('',*,*,#2948,.F.);
#2951=ORIENTED_EDGE('',*,*,#2950,.T.);
#2953=ORIENTED_EDGE('',*,*,#2952,.T.);
#2955=ORIENTED_EDGE('',*,*,#2954,.F.);
#2957=ORIENTED_EDGE('',*,*,#2956,.F.);
#2959=ORIENTED_EDGE('',*,*,#2958,.T.);
#2961=ORIENTED_EDGE('',*,*,#2960,.T.);
#2963=ORIENTED_EDGE('',*,*,#2962,.F.);
#2964=EDGE_LOOP('',(#2943,#2944,#2945,#2947,#2949,#2951,#2953,#2955,#2957,#2959,
#2961,#2963));
#2965=FACE_OUTER_BOUND('',#2964,.F.);
#2967=CARTESIAN_POINT('',(1.08E1,2.375000000008E0,-1.27E0));
#2968=DIRECTION('',(1.E0,0.E0,0.E0));
#2969=DIRECTION('',(0.E0,1.E0,0.E0));
#2970=AXIS2_PLACEMENT_3D('',#2967,#2968,#2969);
#2971=PLANE('',#2970);
#2973=ORIENTED_EDGE('',*,*,#2972,.F.);
#2974=ORIENTED_EDGE('',*,*,#2644,.T.);
#2975=ORIENTED_EDGE('',*,*,#2942,.T.);
#2977=ORIENTED_EDGE('',*,*,#2976,.F.);
#2978=EDGE_LOOP('',(#2973,#2974,#2975,#2977));
#2979=FACE_OUTER_BOUND('',#2978,.F.);
#2981=CARTESIAN_POINT('',(1.060406385743E1,5.094055892325E0,-2.5908E0));
#2982=DIRECTION('',(0.E0,0.E0,1.E0));
#2983=DIRECTION('',(1.E0,0.E0,0.E0));
#2984=AXIS2_PLACEMENT_3D('',#2981,#2982,#2983);
#2985=CYLINDRICAL_SURFACE('',#2984,3.959361425800E-1);
#2986=ORIENTED_EDGE('',*,*,#2113,.F.);
#2987=ORIENTED_EDGE('',*,*,#2111,.F.);
#2988=ORIENTED_EDGE('',*,*,#2646,.F.);
#2989=ORIENTED_EDGE('',*,*,#2972,.T.);
#2991=ORIENTED_EDGE('',*,*,#2990,.T.);
#2992=ORIENTED_EDGE('',*,*,#2115,.F.);
#2993=EDGE_LOOP('',(#2986,#2987,#2988,#2989,#2991,#2992));
#2994=FACE_OUTER_BOUND('',#2993,.F.);
#2996=CARTESIAN_POINT('',(5.500000000003E0,6.8E0,0.E0));
#2997=DIRECTION('',(0.E0,0.E0,1.E0));
#2998=DIRECTION('',(0.E0,-1.E0,0.E0));
#2999=AXIS2_PLACEMENT_3D('',#2996,#2997,#2998);
#3000=PLANE('',#2999);
#3002=ORIENTED_EDGE('',*,*,#3001,.T.);
#3003=ORIENTED_EDGE('',*,*,#2210,.T.);
#3005=ORIENTED_EDGE('',*,*,#3004,.T.);
#3006=ORIENTED_EDGE('',*,*,#2117,.T.);
#3007=ORIENTED_EDGE('',*,*,#2990,.F.);
#3008=ORIENTED_EDGE('',*,*,#2976,.T.);
#3009=ORIENTED_EDGE('',*,*,#2962,.T.);
#3011=ORIENTED_EDGE('',*,*,#3010,.T.);
#3013=ORIENTED_EDGE('',*,*,#3012,.T.);
#3015=ORIENTED_EDGE('',*,*,#3014,.T.);
#3016=ORIENTED_EDGE('',*,*,#2954,.T.);
#3018=ORIENTED_EDGE('',*,*,#3017,.T.);
#3020=ORIENTED_EDGE('',*,*,#3019,.T.);
#3022=ORIENTED_EDGE('',*,*,#3021,.T.);
#3023=ORIENTED_EDGE('',*,*,#2946,.T.);
#3024=ORIENTED_EDGE('',*,*,#2932,.T.);
#3025=ORIENTED_EDGE('',*,*,#2918,.T.);
#3026=ORIENTED_EDGE('',*,*,#2680,.T.);
#3028=ORIENTED_EDGE('',*,*,#3027,.T.);
#3030=ORIENTED_EDGE('',*,*,#3029,.T.);
#3032=ORIENTED_EDGE('',*,*,#3031,.T.);
#3034=ORIENTED_EDGE('',*,*,#3033,.T.);
#3036=ORIENTED_EDGE('',*,*,#3035,.T.);
#3038=ORIENTED_EDGE('',*,*,#3037,.T.);
#3040=ORIENTED_EDGE('',*,*,#3039,.T.);
#3041=EDGE_LOOP('',(#3002,#3003,#3005,#3006,#3007,#3008,#3009,#3011,#3013,#3015,
#3016,#3018,#3020,#3022,#3023,#3024,#3025,#3026,#3028,#3030,#3032,#3034,#3036,
#3038,#3040));
#3042=FACE_OUTER_BOUND('',#3041,.F.);
#3044=CARTESIAN_POINT('',(4.8E0,1.35E1,-1.27E0));
#3045=DIRECTION('',(1.E0,0.E0,0.E0));
#3046=DIRECTION('',(0.E0,-1.E0,0.E0));
#3047=AXIS2_PLACEMENT_3D('',#3044,#3045,#3046);
#3048=PLANE('',#3047);
#3050=ORIENTED_EDGE('',*,*,#3049,.F.);
#3051=ORIENTED_EDGE('',*,*,#2651,.F.);
#3052=ORIENTED_EDGE('',*,*,#2212,.T.);
#3053=ORIENTED_EDGE('',*,*,#3001,.F.);
#3054=EDGE_LOOP('',(#3050,#3051,#3052,#3053));
#3055=FACE_OUTER_BOUND('',#3054,.F.);
#3057=CARTESIAN_POINT('',(2.4E0,1.34E1,-1.27E0));
#3058=DIRECTION('',(0.E0,1.E0,0.E0));
#3059=DIRECTION('',(-1.E0,0.E0,0.E0));
#3060=AXIS2_PLACEMENT_3D('',#3057,#3058,#3059);
#3061=PLANE('',#3060);
#3063=ORIENTED_EDGE('',*,*,#3062,.F.);
#3064=ORIENTED_EDGE('',*,*,#2653,.F.);
#3065=ORIENTED_EDGE('',*,*,#3049,.T.);
#3066=ORIENTED_EDGE('',*,*,#3039,.F.);
#3067=EDGE_LOOP('',(#3063,#3064,#3065,#3066));
#3068=FACE_OUTER_BOUND('',#3067,.F.);
#3070=CARTESIAN_POINT('',(0.E0,1.1425E1,-1.27E0));
#3071=DIRECTION('',(1.E0,0.E0,0.E0));
#3072=DIRECTION('',(0.E0,-1.E0,0.E0));
#3073=AXIS2_PLACEMENT_3D('',#3070,#3071,#3072);
#3074=PLANE('',#3073);
#3076=ORIENTED_EDGE('',*,*,#3075,.F.);
#3077=ORIENTED_EDGE('',*,*,#2655,.F.);
#3078=ORIENTED_EDGE('',*,*,#3062,.T.);
#3079=ORIENTED_EDGE('',*,*,#3037,.F.);
#3080=EDGE_LOOP('',(#3076,#3077,#3078,#3079));
#3081=FACE_OUTER_BOUND('',#3080,.F.);
#3083=CARTESIAN_POINT('',(1.500000000001E-1,9.45E0,-1.27E0));
#3084=DIRECTION('',(0.E0,1.E0,0.E0));
#3085=DIRECTION('',(1.E0,0.E0,0.E0));
#3086=AXIS2_PLACEMENT_3D('',#3083,#3084,#3085);
#3087=PLANE('',#3086);
#3089=ORIENTED_EDGE('',*,*,#3088,.F.);
#3090=ORIENTED_EDGE('',*,*,#2657,.F.);
#3091=ORIENTED_EDGE('',*,*,#3075,.T.);
#3092=ORIENTED_EDGE('',*,*,#3035,.F.);
#3093=EDGE_LOOP('',(#3089,#3090,#3091,#3092));
#3094=FACE_OUTER_BOUND('',#3093,.F.);
#3096=CARTESIAN_POINT('',(3.000000000001E-1,8.1E0,-1.27E0));
#3097=DIRECTION('',(1.E0,0.E0,0.E0));
#3098=DIRECTION('',(0.E0,-1.E0,0.E0));
#3099=AXIS2_PLACEMENT_3D('',#3096,#3097,#3098);
#3100=PLANE('',#3099);
#3102=ORIENTED_EDGE('',*,*,#3101,.F.);
#3103=ORIENTED_EDGE('',*,*,#2659,.F.);
#3104=ORIENTED_EDGE('',*,*,#3088,.T.);
#3105=ORIENTED_EDGE('',*,*,#3033,.F.);
#3106=EDGE_LOOP('',(#3102,#3103,#3104,#3105));
#3107=FACE_OUTER_BOUND('',#3106,.F.);
#3109=ORIENTED_EDGE('',*,*,#3108,.F.);
#3111=ORIENTED_EDGE('',*,*,#3110,.F.);
#3113=ORIENTED_EDGE('',*,*,#3112,.F.);
#3115=ORIENTED_EDGE('',*,*,#3114,.F.);
#3116=EDGE_LOOP('',(#3109,#3111,#3113,#3115));
#3117=FACE_BOUND('',#3116,.F.);
#3119=ORIENTED_EDGE('',*,*,#3118,.F.);
#3121=ORIENTED_EDGE('',*,*,#3120,.F.);
#3123=ORIENTED_EDGE('',*,*,#3122,.F.);
#3125=ORIENTED_EDGE('',*,*,#3124,.F.);
#3126=EDGE_LOOP('',(#3119,#3121,#3123,#3125));
#3127=FACE_BOUND('',#3126,.F.);
#3129=CARTESIAN_POINT('',(-1.1E0,8.45E0,-6.72E0));
#3130=DIRECTION('',(0.E0,1.E0,0.E0));
#3131=DIRECTION('',(1.E0,0.E0,0.E0));
#3132=AXIS2_PLACEMENT_3D('',#3129,#3130,#3131);
#3133=PLANE('',#3132);
#3135=ORIENTED_EDGE('',*,*,#3134,.F.);
#3137=ORIENTED_EDGE('',*,*,#3136,.F.);
#3139=ORIENTED_EDGE('',*,*,#3138,.F.);
#3140=ORIENTED_EDGE('',*,*,#3118,.T.);
#3141=EDGE_LOOP('',(#3135,#3137,#3139,#3140));
#3142=FACE_OUTER_BOUND('',#3141,.F.);
#3144=CARTESIAN_POINT('',(-1.45E0,8.1E0,-6.47E0));
#3145=DIRECTION('',(0.E0,0.E0,1.E0));
#3146=DIRECTION('',(-1.E0,0.E0,0.E0));
#3147=AXIS2_PLACEMENT_3D('',#3144,#3145,#3146);
#3148=PLANE('',#3147);
#3150=ORIENTED_EDGE('',*,*,#3149,.F.);
#3152=ORIENTED_EDGE('',*,*,#3151,.T.);
#3154=ORIENTED_EDGE('',*,*,#3153,.F.);
#3156=ORIENTED_EDGE('',*,*,#3155,.T.);
#3157=ORIENTED_EDGE('',*,*,#3134,.T.);
#3158=ORIENTED_EDGE('',*,*,#3124,.T.);
#3159=EDGE_LOOP('',(#3150,#3152,#3154,#3156,#3157,#3158));
#3160=FACE_OUTER_BOUND('',#3159,.F.);
#3162=CARTESIAN_POINT('',(-1.099999999999E0,7.75E0,-6.72E0));
#3163=DIRECTION('',(0.E0,1.E0,0.E0));
#3164=DIRECTION('',(-1.E0,0.E0,0.E0));
#3165=AXIS2_PLACEMENT_3D('',#3162,#3163,#3164);
#3166=PLANE('',#3165);
#3167=ORIENTED_EDGE('',*,*,#3149,.T.);
#3168=ORIENTED_EDGE('',*,*,#3122,.T.);
#3170=ORIENTED_EDGE('',*,*,#3169,.F.);
#3172=ORIENTED_EDGE('',*,*,#3171,.F.);
#3173=EDGE_LOOP('',(#3167,#3168,#3170,#3172));
#3174=FACE_OUTER_BOUND('',#3173,.F.);
#3176=CARTESIAN_POINT('',(-1.45E0,8.1E0,-6.97E0));
#3177=DIRECTION('',(0.E0,0.E0,1.E0));
#3178=DIRECTION('',(1.E0,0.E0,0.E0));
#3179=AXIS2_PLACEMENT_3D('',#3176,#3177,#3178);
#3180=PLANE('',#3179);
#3181=ORIENTED_EDGE('',*,*,#3169,.T.);
#3182=ORIENTED_EDGE('',*,*,#3120,.T.);
#3183=ORIENTED_EDGE('',*,*,#3138,.T.);
#3185=ORIENTED_EDGE('',*,*,#3184,.T.);
#3187=ORIENTED_EDGE('',*,*,#3186,.F.);
#3189=ORIENTED_EDGE('',*,*,#3188,.T.);
#3190=EDGE_LOOP('',(#3181,#3182,#3183,#3185,#3187,#3189));
#3191=FACE_OUTER_BOUND('',#3190,.F.);
#3193=CARTESIAN_POINT('',(-2.85E0,8.35E0,-6.72E0));
#3194=DIRECTION('',(-2.747211278967E-1,9.615239476410E-1,0.E0));
#3195=DIRECTION('',(9.615239476410E-1,2.747211278967E-1,0.E0));
#3196=AXIS2_PLACEMENT_3D('',#3193,#3194,#3195);
#3197=PLANE('',#3196);
#3198=ORIENTED_EDGE('',*,*,#3155,.F.);
#3200=ORIENTED_EDGE('',*,*,#3199,.F.);
#3201=ORIENTED_EDGE('',*,*,#3184,.F.);
#3202=ORIENTED_EDGE('',*,*,#3136,.T.);
#3203=EDGE_LOOP('',(#3198,#3200,#3201,#3202));
#3204=FACE_OUTER_BOUND('',#3203,.F.);
#3206=CARTESIAN_POINT('',(-3.199999999999E0,8.1E0,-6.72E0));
#3207=DIRECTION('',(1.E0,0.E0,0.E0));
#3208=DIRECTION('',(0.E0,1.E0,0.E0));
#3209=AXIS2_PLACEMENT_3D('',#3206,#3207,#3208);
#3210=PLANE('',#3209);
#3211=ORIENTED_EDGE('',*,*,#3153,.T.);
#3213=ORIENTED_EDGE('',*,*,#3212,.F.);
#3214=ORIENTED_EDGE('',*,*,#3186,.T.);
#3215=ORIENTED_EDGE('',*,*,#3199,.T.);
#3216=EDGE_LOOP('',(#3211,#3213,#3214,#3215));
#3217=FACE_OUTER_BOUND('',#3216,.F.);
#3219=CARTESIAN_POINT('',(-2.85E0,7.85E0,-6.72E0));
#3220=DIRECTION('',(2.747211278967E-1,9.615239476410E-1,0.E0));
#3221=DIRECTION('',(-9.615239476410E-1,2.747211278967E-1,0.E0));
#3222=AXIS2_PLACEMENT_3D('',#3219,#3220,#3221);
#3223=PLANE('',#3222);
#3224=ORIENTED_EDGE('',*,*,#3151,.F.);
#3225=ORIENTED_EDGE('',*,*,#3171,.T.);
#3226=ORIENTED_EDGE('',*,*,#3188,.F.);
#3227=ORIENTED_EDGE('',*,*,#3212,.T.);
#3228=EDGE_LOOP('',(#3224,#3225,#3226,#3227));
#3229=FACE_OUTER_BOUND('',#3228,.F.);
#3231=CARTESIAN_POINT('',(-1.1E0,8.45E0,-4.18E0));
#3232=DIRECTION('',(0.E0,1.E0,0.E0));
#3233=DIRECTION('',(1.E0,0.E0,0.E0));
#3234=AXIS2_PLACEMENT_3D('',#3231,#3232,#3233);
#3235=PLANE('',#3234);
#3237=ORIENTED_EDGE('',*,*,#3236,.F.);
#3239=ORIENTED_EDGE('',*,*,#3238,.F.);
#3241=ORIENTED_EDGE('',*,*,#3240,.F.);
#3242=ORIENTED_EDGE('',*,*,#3108,.T.);
#3243=EDGE_LOOP('',(#3237,#3239,#3241,#3242));
#3244=FACE_OUTER_BOUND('',#3243,.F.);
#3246=CARTESIAN_POINT('',(-1.45E0,8.1E0,-3.93E0));
#3247=DIRECTION('',(0.E0,0.E0,1.E0));
#3248=DIRECTION('',(-1.E0,0.E0,0.E0));
#3249=AXIS2_PLACEMENT_3D('',#3246,#3247,#3248);
#3250=PLANE('',#3249);
#3252=ORIENTED_EDGE('',*,*,#3251,.F.);
#3254=ORIENTED_EDGE('',*,*,#3253,.T.);
#3256=ORIENTED_EDGE('',*,*,#3255,.F.);
#3258=ORIENTED_EDGE('',*,*,#3257,.T.);
#3259=ORIENTED_EDGE('',*,*,#3236,.T.);
#3260=ORIENTED_EDGE('',*,*,#3114,.T.);
#3261=EDGE_LOOP('',(#3252,#3254,#3256,#3258,#3259,#3260));
#3262=FACE_OUTER_BOUND('',#3261,.F.);
#3264=CARTESIAN_POINT('',(-1.099999999999E0,7.75E0,-4.18E0));
#3265=DIRECTION('',(0.E0,1.E0,0.E0));
#3266=DIRECTION('',(-1.E0,0.E0,0.E0));
#3267=AXIS2_PLACEMENT_3D('',#3264,#3265,#3266);
#3268=PLANE('',#3267);
#3269=ORIENTED_EDGE('',*,*,#3251,.T.);
#3270=ORIENTED_EDGE('',*,*,#3112,.T.);
#3272=ORIENTED_EDGE('',*,*,#3271,.F.);
#3274=ORIENTED_EDGE('',*,*,#3273,.F.);
#3275=EDGE_LOOP('',(#3269,#3270,#3272,#3274));
#3276=FACE_OUTER_BOUND('',#3275,.F.);
#3278=CARTESIAN_POINT('',(-1.45E0,8.1E0,-4.43E0));
#3279=DIRECTION('',(0.E0,0.E0,1.E0));
#3280=DIRECTION('',(1.E0,0.E0,0.E0));
#3281=AXIS2_PLACEMENT_3D('',#3278,#3279,#3280);
#3282=PLANE('',#3281);
#3283=ORIENTED_EDGE('',*,*,#3271,.T.);
#3284=ORIENTED_EDGE('',*,*,#3110,.T.);
#3285=ORIENTED_EDGE('',*,*,#3240,.T.);
#3287=ORIENTED_EDGE('',*,*,#3286,.T.);
#3289=ORIENTED_EDGE('',*,*,#3288,.F.);
#3291=ORIENTED_EDGE('',*,*,#3290,.T.);
#3292=EDGE_LOOP('',(#3283,#3284,#3285,#3287,#3289,#3291));
#3293=FACE_OUTER_BOUND('',#3292,.F.);
#3295=CARTESIAN_POINT('',(-2.85E0,8.35E0,-4.18E0));
#3296=DIRECTION('',(-2.747211278967E-1,9.615239476410E-1,0.E0));
#3297=DIRECTION('',(9.615239476410E-1,2.747211278967E-1,0.E0));
#3298=AXIS2_PLACEMENT_3D('',#3295,#3296,#3297);
#3299=PLANE('',#3298);
#3300=ORIENTED_EDGE('',*,*,#3257,.F.);
#3302=ORIENTED_EDGE('',*,*,#3301,.F.);
#3303=ORIENTED_EDGE('',*,*,#3286,.F.);
#3304=ORIENTED_EDGE('',*,*,#3238,.T.);
#3305=EDGE_LOOP('',(#3300,#3302,#3303,#3304));
#3306=FACE_OUTER_BOUND('',#3305,.F.);
#3308=CARTESIAN_POINT('',(-3.199999999999E0,8.1E0,-4.18E0));
#3309=DIRECTION('',(1.E0,0.E0,0.E0));
#3310=DIRECTION('',(0.E0,1.E0,0.E0));
#3311=AXIS2_PLACEMENT_3D('',#3308,#3309,#3310);
#3312=PLANE('',#3311);
#3313=ORIENTED_EDGE('',*,*,#3255,.T.);
#3315=ORIENTED_EDGE('',*,*,#3314,.F.);
#3316=ORIENTED_EDGE('',*,*,#3288,.T.);
#3317=ORIENTED_EDGE('',*,*,#3301,.T.);
#3318=EDGE_LOOP('',(#3313,#3315,#3316,#3317));
#3319=FACE_OUTER_BOUND('',#3318,.F.);
#3321=CARTESIAN_POINT('',(-2.85E0,7.85E0,-4.18E0));
#3322=DIRECTION('',(2.747211278967E-1,9.615239476410E-1,0.E0));
#3323=DIRECTION('',(-9.615239476410E-1,2.747211278967E-1,0.E0));
#3324=AXIS2_PLACEMENT_3D('',#3321,#3322,#3323);
#3325=PLANE('',#3324);
#3326=ORIENTED_EDGE('',*,*,#3253,.F.);
#3327=ORIENTED_EDGE('',*,*,#3273,.T.);
#3328=ORIENTED_EDGE('',*,*,#3290,.F.);
#3329=ORIENTED_EDGE('',*,*,#3314,.T.);
#3330=EDGE_LOOP('',(#3326,#3327,#3328,#3329));
#3331=FACE_OUTER_BOUND('',#3330,.F.);
#3333=CARTESIAN_POINT('',(1.500000000001E-1,6.75E0,-1.27E0));
#3334=DIRECTION('',(0.E0,1.E0,0.E0));
#3335=DIRECTION('',(-1.E0,0.E0,0.E0));
#3336=AXIS2_PLACEMENT_3D('',#3333,#3334,#3335);
#3337=PLANE('',#3336);
#3339=ORIENTED_EDGE('',*,*,#3338,.T.);
#3340=ORIENTED_EDGE('',*,*,#2661,.T.);
#3341=ORIENTED_EDGE('',*,*,#3101,.T.);
#3342=ORIENTED_EDGE('',*,*,#3031,.F.);
#3343=EDGE_LOOP('',(#3339,#3340,#3341,#3342));
#3344=FACE_OUTER_BOUND('',#3343,.F.);
#3346=CARTESIAN_POINT('',(0.E0,5.56E0,-1.27E0));
#3347=DIRECTION('',(1.E0,0.E0,0.E0));
#3348=DIRECTION('',(0.E0,-1.E0,0.E0));
#3349=AXIS2_PLACEMENT_3D('',#3346,#3347,#3348);
#3350=PLANE('',#3349);
#3352=ORIENTED_EDGE('',*,*,#3351,.T.);
#3353=ORIENTED_EDGE('',*,*,#2663,.T.);
#3354=ORIENTED_EDGE('',*,*,#3338,.F.);
#3355=ORIENTED_EDGE('',*,*,#3029,.F.);
#3356=EDGE_LOOP('',(#3352,#3353,#3354,#3355));
#3357=FACE_OUTER_BOUND('',#3356,.F.);
#3359=CARTESIAN_POINT('',(1.500000000001E-1,4.37E0,-1.27E0));
#3360=DIRECTION('',(0.E0,1.E0,0.E0));
#3361=DIRECTION('',(1.E0,0.E0,0.E0));
#3362=AXIS2_PLACEMENT_3D('',#3359,#3360,#3361);
#3363=PLANE('',#3362);
#3364=ORIENTED_EDGE('',*,*,#2678,.T.);
#3365=ORIENTED_EDGE('',*,*,#2665,.T.);
#3366=ORIENTED_EDGE('',*,*,#3351,.F.);
#3367=ORIENTED_EDGE('',*,*,#3027,.F.);
#3368=EDGE_LOOP('',(#3364,#3365,#3366,#3367));
#3369=FACE_OUTER_BOUND('',#3368,.F.);
#3371=CARTESIAN_POINT('',(1.E1,9.749999999999E0,-1.27E0));
#3372=DIRECTION('',(1.E0,0.E0,0.E0));
#3373=DIRECTION('',(0.E0,1.E0,0.E0));
#3374=AXIS2_PLACEMENT_3D('',#3371,#3372,#3373);
#3375=PLANE('',#3374);
#3377=ORIENTED_EDGE('',*,*,#3376,.F.);
#3378=ORIENTED_EDGE('',*,*,#2119,.F.);
#3379=ORIENTED_EDGE('',*,*,#3004,.F.);
#3380=ORIENTED_EDGE('',*,*,#2208,.F.);
#3381=EDGE_LOOP('',(#3377,#3378,#3379,#3380));
#3382=FACE_OUTER_BOUND('',#3381,.F.);
#3384=CARTESIAN_POINT('',(6.3E0,6.8E0,-2.54E0));
#3385=DIRECTION('',(0.E0,0.E0,1.E0));
#3386=DIRECTION('',(-1.E0,0.E0,0.E0));
#3387=AXIS2_PLACEMENT_3D('',#3384,#3385,#3386);
#3388=PLANE('',#3387);
#3389=ORIENTED_EDGE('',*,*,#3376,.T.);
#3390=ORIENTED_EDGE('',*,*,#2206,.F.);
#3392=ORIENTED_EDGE('',*,*,#3391,.F.);
#3394=ORIENTED_EDGE('',*,*,#3393,.T.);
#3396=ORIENTED_EDGE('',*,*,#3395,.T.);
#3397=ORIENTED_EDGE('',*,*,#2121,.T.);
#3398=EDGE_LOOP('',(#3389,#3390,#3392,#3394,#3396,#3397));
#3399=FACE_OUTER_BOUND('',#3398,.F.);
#3401=CARTESIAN_POINT('',(6.3E0,6.8E0,-2.54E0));
#3402=DIRECTION('',(0.E0,0.E0,1.E0));
#3403=DIRECTION('',(-1.E0,0.E0,0.E0));
#3404=AXIS2_PLACEMENT_3D('',#3401,#3402,#3403);
#3405=PLANE('',#3404);
#3407=ORIENTED_EDGE('',*,*,#3406,.T.);
#3409=ORIENTED_EDGE('',*,*,#3408,.T.);
#3411=ORIENTED_EDGE('',*,*,#3410,.T.);
#3412=ORIENTED_EDGE('',*,*,#2950,.F.);
#3413=EDGE_LOOP('',(#3407,#3409,#3411,#3412));
#3414=FACE_OUTER_BOUND('',#3413,.F.);
#3416=CARTESIAN_POINT('',(6.3E0,6.8E0,-2.54E0));
#3417=DIRECTION('',(0.E0,0.E0,1.E0));
#3418=DIRECTION('',(-1.E0,0.E0,0.E0));
#3419=AXIS2_PLACEMENT_3D('',#3416,#3417,#3418);
#3420=PLANE('',#3419);
#3422=ORIENTED_EDGE('',*,*,#3421,.T.);
#3424=ORIENTED_EDGE('',*,*,#3423,.T.);
#3426=ORIENTED_EDGE('',*,*,#3425,.T.);
#3427=ORIENTED_EDGE('',*,*,#2958,.F.);
#3428=EDGE_LOOP('',(#3422,#3424,#3426,#3427));
#3429=FACE_OUTER_BOUND('',#3428,.F.);
#3431=CARTESIAN_POINT('',(1.26E1,1.14E1,-3.44E0));
#3432=DIRECTION('',(1.E0,0.E0,0.E0));
#3433=DIRECTION('',(0.E0,1.E0,0.E0));
#3434=AXIS2_PLACEMENT_3D('',#3431,#3432,#3433);
#3435=PLANE('',#3434);
#3436=ORIENTED_EDGE('',*,*,#3391,.T.);
#3437=ORIENTED_EDGE('',*,*,#2204,.F.);
#3439=ORIENTED_EDGE('',*,*,#3438,.F.);
#3441=ORIENTED_EDGE('',*,*,#3440,.T.);
#3443=ORIENTED_EDGE('',*,*,#3442,.T.);
#3445=ORIENTED_EDGE('',*,*,#3444,.T.);
#3446=EDGE_LOOP('',(#3436,#3437,#3439,#3441,#3443,#3445));
#3447=FACE_OUTER_BOUND('',#3446,.F.);
#3449=CARTESIAN_POINT('',(1.065E1,1.3E1,-4.34E0));
#3450=DIRECTION('',(0.E0,0.E0,1.E0));
#3451=DIRECTION('',(0.E0,1.E0,0.E0));
#3452=AXIS2_PLACEMENT_3D('',#3449,#3450,#3451);
#3453=PLANE('',#3452);
#3455=ORIENTED_EDGE('',*,*,#3454,.T.);
#3456=ORIENTED_EDGE('',*,*,#3438,.T.);
#3457=ORIENTED_EDGE('',*,*,#2202,.T.);
#3459=ORIENTED_EDGE('',*,*,#3458,.T.);
#3460=EDGE_LOOP('',(#3455,#3456,#3457,#3459));
#3461=FACE_OUTER_BOUND('',#3460,.F.);
#3463=CARTESIAN_POINT('',(1.065E1,1.18E1,-3.74E0));
#3464=DIRECTION('',(0.E0,7.071067811865E-1,7.071067811865E-1));
#3465=DIRECTION('',(0.E0,7.071067811865E-1,-7.071067811865E-1));
#3466=AXIS2_PLACEMENT_3D('',#3463,#3464,#3465);
#3467=PLANE('',#3466);
#3469=ORIENTED_EDGE('',*,*,#3468,.T.);
#3470=ORIENTED_EDGE('',*,*,#3440,.F.);
#3471=ORIENTED_EDGE('',*,*,#3454,.F.);
#3473=ORIENTED_EDGE('',*,*,#3472,.F.);
#3474=EDGE_LOOP('',(#3469,#3470,#3471,#3473));
#3475=FACE_OUTER_BOUND('',#3474,.F.);
#3477=CARTESIAN_POINT('',(1.05E1,8.95E0,-3.14E0));
#3478=DIRECTION('',(0.E0,0.E0,1.E0));
#3479=DIRECTION('',(1.E0,0.E0,0.E0));
#3480=AXIS2_PLACEMENT_3D('',#3477,#3478,#3479);
#3481=PLANE('',#3480);
#3482=ORIENTED_EDGE('',*,*,#2067,.F.);
#3484=ORIENTED_EDGE('',*,*,#3483,.F.);
#3486=ORIENTED_EDGE('',*,*,#3485,.T.);
#3488=ORIENTED_EDGE('',*,*,#3487,.T.);
#3489=ORIENTED_EDGE('',*,*,#3442,.F.);
#3490=ORIENTED_EDGE('',*,*,#3468,.F.);
#3492=ORIENTED_EDGE('',*,*,#3491,.F.);
#3494=ORIENTED_EDGE('',*,*,#3493,.T.);
#3495=ORIENTED_EDGE('',*,*,#1979,.T.);
#3496=ORIENTED_EDGE('',*,*,#2005,.T.);
#3497=ORIENTED_EDGE('',*,*,#2003,.T.);
#3498=ORIENTED_EDGE('',*,*,#2019,.T.);
#3499=ORIENTED_EDGE('',*,*,#2036,.T.);
#3500=EDGE_LOOP('',(#3482,#3484,#3486,#3488,#3489,#3490,#3492,#3494,#3495,#3496,
#3497,#3498,#3499));
#3501=FACE_OUTER_BOUND('',#3500,.F.);
#3503=CARTESIAN_POINT('',(1.002424719054E1,5.9E0,-3.215E0));
#3504=DIRECTION('',(0.E0,1.E0,0.E0));
#3505=DIRECTION('',(-1.E0,0.E0,0.E0));
#3506=AXIS2_PLACEMENT_3D('',#3503,#3504,#3505);
#3507=PLANE('',#3506);
#3508=ORIENTED_EDGE('',*,*,#3483,.T.);
#3509=ORIENTED_EDGE('',*,*,#2065,.T.);
#3511=ORIENTED_EDGE('',*,*,#3510,.F.);
#3513=ORIENTED_EDGE('',*,*,#3512,.T.);
#3514=EDGE_LOOP('',(#3508,#3509,#3511,#3513));
#3515=FACE_OUTER_BOUND('',#3514,.F.);
#3517=CARTESIAN_POINT('',(1.002424719054E1,5.893880916504E0,-3.29E0));
#3518=DIRECTION('',(0.E0,0.E0,1.E0));
#3519=DIRECTION('',(1.E0,0.E0,0.E0));
#3520=AXIS2_PLACEMENT_3D('',#3517,#3518,#3519);
#3521=PLANE('',#3520);
#3522=ORIENTED_EDGE('',*,*,#3510,.T.);
#3523=ORIENTED_EDGE('',*,*,#2125,.T.);
#3525=ORIENTED_EDGE('',*,*,#3524,.T.);
#3526=EDGE_LOOP('',(#3522,#3523,#3525));
#3527=FACE_OUTER_BOUND('',#3526,.F.);
#3529=CARTESIAN_POINT('',(8.807570806181E0,8.631319952196E0,-3.315204539113E0));
#3530=DIRECTION('',(0.E0,0.E0,1.E0));
#3531=DIRECTION('',(0.E0,-1.E0,0.E0));
#3532=AXIS2_PLACEMENT_3D('',#3529,#3530,#3531);
#3533=CYLINDRICAL_SURFACE('',#3532,3.E0);
#3534=ORIENTED_EDGE('',*,*,#3395,.F.);
#3536=ORIENTED_EDGE('',*,*,#3535,.F.);
#3537=ORIENTED_EDGE('',*,*,#3485,.F.);
#3538=ORIENTED_EDGE('',*,*,#3512,.F.);
#3539=ORIENTED_EDGE('',*,*,#3524,.F.);
#3540=ORIENTED_EDGE('',*,*,#2123,.T.);
#3541=EDGE_LOOP('',(#3534,#3536,#3537,#3538,#3539,#3540));
#3542=FACE_OUTER_BOUND('',#3541,.F.);
#3544=CARTESIAN_POINT('',(1.200282350876E1,8.165659976097E0,-2.84E0));
#3545=DIRECTION('',(8.660254037838E-1,-5.000000000010E-1,0.E0));
#3546=DIRECTION('',(5.000000000010E-1,8.660254037838E-1,0.E0));
#3547=AXIS2_PLACEMENT_3D('',#3544,#3545,#3546);
#3548=PLANE('',#3547);
#3549=ORIENTED_EDGE('',*,*,#3444,.F.);
#3550=ORIENTED_EDGE('',*,*,#3487,.F.);
#3551=ORIENTED_EDGE('',*,*,#3535,.T.);
#3552=ORIENTED_EDGE('',*,*,#3393,.F.);
#3553=EDGE_LOOP('',(#3549,#3550,#3551,#3552));
#3554=FACE_OUTER_BOUND('',#3553,.F.);
#3556=CARTESIAN_POINT('',(8.700000000001E0,1.24E1,-3.44E0));
#3557=DIRECTION('',(1.E0,0.E0,0.E0));
#3558=DIRECTION('',(0.E0,-1.E0,0.E0));
#3559=AXIS2_PLACEMENT_3D('',#3556,#3557,#3558);
#3560=PLANE('',#3559);
#3561=ORIENTED_EDGE('',*,*,#1944,.T.);
#3563=ORIENTED_EDGE('',*,*,#3562,.F.);
#3564=ORIENTED_EDGE('',*,*,#3491,.T.);
#3565=ORIENTED_EDGE('',*,*,#3472,.T.);
#3566=ORIENTED_EDGE('',*,*,#3458,.F.);
#3567=ORIENTED_EDGE('',*,*,#2200,.T.);
#3568=EDGE_LOOP('',(#3561,#3563,#3564,#3565,#3566,#3567));
#3569=FACE_OUTER_BOUND('',#3568,.F.);
#3571=CARTESIAN_POINT('',(8.200000000001E0,1.2E1,-3.165204539113E0));
#3572=DIRECTION('',(0.E0,0.E0,1.E0));
#3573=DIRECTION('',(0.E0,-1.E0,0.E0));
#3574=AXIS2_PLACEMENT_3D('',#3571,#3572,#3573);
#3575=CYLINDRICAL_SURFACE('',#3574,5.E-1);
#3576=ORIENTED_EDGE('',*,*,#1942,.F.);
#3577=ORIENTED_EDGE('',*,*,#1981,.T.);
#3578=ORIENTED_EDGE('',*,*,#3493,.F.);
#3579=ORIENTED_EDGE('',*,*,#3562,.T.);
#3580=EDGE_LOOP('',(#3576,#3577,#3578,#3579));
#3581=FACE_OUTER_BOUND('',#3580,.F.);
#3583=CARTESIAN_POINT('',(1.45E0,1.5E-1,-1.27E0));
#3584=DIRECTION('',(1.E0,0.E0,0.E0));
#3585=DIRECTION('',(0.E0,1.E0,0.E0));
#3586=AXIS2_PLACEMENT_3D('',#3583,#3584,#3585);
#3587=PLANE('',#3586);
#3588=ORIENTED_EDGE('',*,*,#3406,.F.);
#3589=ORIENTED_EDGE('',*,*,#2948,.T.);
#3590=ORIENTED_EDGE('',*,*,#3021,.F.);
#3592=ORIENTED_EDGE('',*,*,#3591,.F.);
#3593=EDGE_LOOP('',(#3588,#3589,#3590,#3592));
#3594=FACE_OUTER_BOUND('',#3593,.F.);
#3596=CARTESIAN_POINT('',(2.8E0,3.E-1,-1.27E0));
#3597=DIRECTION('',(0.E0,1.E0,0.E0));
#3598=DIRECTION('',(1.E0,0.E0,0.E0));
#3599=AXIS2_PLACEMENT_3D('',#3596,#3597,#3598);
#3600=PLANE('',#3599);
#3601=ORIENTED_EDGE('',*,*,#3408,.F.);
#3602=ORIENTED_EDGE('',*,*,#3591,.T.);
#3603=ORIENTED_EDGE('',*,*,#3019,.F.);
#3605=ORIENTED_EDGE('',*,*,#3604,.F.);
#3606=EDGE_LOOP('',(#3601,#3602,#3603,#3605));
#3607=FACE_OUTER_BOUND('',#3606,.F.);
#3609=CARTESIAN_POINT('',(4.15E0,1.5E-1,-1.27E0));
#3610=DIRECTION('',(1.E0,0.E0,0.E0));
#3611=DIRECTION('',(0.E0,-1.E0,0.E0));
#3612=AXIS2_PLACEMENT_3D('',#3609,#3610,#3611);
#3613=PLANE('',#3612);
#3614=ORIENTED_EDGE('',*,*,#3410,.F.);
#3615=ORIENTED_EDGE('',*,*,#3604,.T.);
#3616=ORIENTED_EDGE('',*,*,#3017,.F.);
#3617=ORIENTED_EDGE('',*,*,#2952,.F.);
#3618=EDGE_LOOP('',(#3614,#3615,#3616,#3617));
#3619=FACE_OUTER_BOUND('',#3618,.F.);
#3621=CARTESIAN_POINT('',(6.53E0,1.5E-1,-1.27E0));
#3622=DIRECTION('',(1.E0,0.E0,0.E0));
#3623=DIRECTION('',(0.E0,1.E0,0.E0));
#3624=AXIS2_PLACEMENT_3D('',#3621,#3622,#3623);
#3625=PLANE('',#3624);
#3626=ORIENTED_EDGE('',*,*,#3421,.F.);
#3627=ORIENTED_EDGE('',*,*,#2956,.T.);
#3628=ORIENTED_EDGE('',*,*,#3014,.F.);
#3630=ORIENTED_EDGE('',*,*,#3629,.F.);
#3631=EDGE_LOOP('',(#3626,#3627,#3628,#3630));
#3632=FACE_OUTER_BOUND('',#3631,.F.);
#3634=CARTESIAN_POINT('',(7.88E0,3.E-1,-1.27E0));
#3635=DIRECTION('',(0.E0,1.E0,0.E0));
#3636=DIRECTION('',(1.E0,0.E0,0.E0));
#3637=AXIS2_PLACEMENT_3D('',#3634,#3635,#3636);
#3638=PLANE('',#3637);
#3639=ORIENTED_EDGE('',*,*,#3423,.F.);
#3640=ORIENTED_EDGE('',*,*,#3629,.T.);
#3641=ORIENTED_EDGE('',*,*,#3012,.F.);
#3643=ORIENTED_EDGE('',*,*,#3642,.F.);
#3644=EDGE_LOOP('',(#3639,#3640,#3641,#3643));
#3645=FACE_OUTER_BOUND('',#3644,.F.);
#3647=CARTESIAN_POINT('',(9.23E0,1.5E-1,-1.27E0));
#3648=DIRECTION('',(1.E0,0.E0,0.E0));
#3649=DIRECTION('',(0.E0,-1.E0,0.E0));
#3650=AXIS2_PLACEMENT_3D('',#3647,#3648,#3649);
#3651=PLANE('',#3650);
#3652=ORIENTED_EDGE('',*,*,#3425,.F.);
#3653=ORIENTED_EDGE('',*,*,#3642,.T.);
#3654=ORIENTED_EDGE('',*,*,#3010,.F.);
#3655=ORIENTED_EDGE('',*,*,#2960,.F.);
#3656=EDGE_LOOP('',(#3652,#3653,#3654,#3655));
#3657=FACE_OUTER_BOUND('',#3656,.F.);
#3659=CARTESIAN_POINT('',(6.950000000001E0,1.257485105864E1,-6.15E0));
#3660=DIRECTION('',(0.E0,1.E0,0.E0));
#3661=DIRECTION('',(1.E0,0.E0,0.E0));
#3662=AXIS2_PLACEMENT_3D('',#3659,#3660,#3661);
#3663=CYLINDRICAL_SURFACE('',#3662,1.299999999999E0);
#3664=ORIENTED_EDGE('',*,*,#2372,.F.);
#3666=ORIENTED_EDGE('',*,*,#3665,.F.);
#3668=ORIENTED_EDGE('',*,*,#3667,.F.);
#3670=ORIENTED_EDGE('',*,*,#3669,.F.);
#3671=ORIENTED_EDGE('',*,*,#2255,.F.);
#3672=EDGE_LOOP('',(#3664,#3666,#3668,#3670,#3671));
#3673=FACE_OUTER_BOUND('',#3672,.F.);
#3675=CARTESIAN_POINT('',(6.949999999998E0,1.215003818611E1,-6.15E0));
#3676=DIRECTION('',(-1.000088900582E-12,1.E0,0.E0));
#3677=DIRECTION('',(5.679299065017E-1,5.679803958011E-13,8.230769230765E-1));
#3678=AXIS2_PLACEMENT_3D('',#3675,#3676,#3677);
#3679=CONICAL_SURFACE('',#3678,1.025023335958E0,3.142956561472E1);
#3680=ORIENTED_EDGE('',*,*,#3665,.T.);
#3682=ORIENTED_EDGE('',*,*,#3681,.F.);
#3684=ORIENTED_EDGE('',*,*,#3683,.F.);
#3686=ORIENTED_EDGE('',*,*,#3685,.F.);
#3687=ORIENTED_EDGE('',*,*,#3667,.T.);
#3688=EDGE_LOOP('',(#3680,#3682,#3684,#3686,#3687));
#3689=FACE_OUTER_BOUND('',#3688,.F.);
#3691=CARTESIAN_POINT('',(6.510897884714E0,1.167712196517E1,-5.560143092282E0));
#3692=CARTESIAN_POINT('',(6.393830304111E0,1.199233137962E1,-5.396147962450E0));
#3693=CARTESIAN_POINT('',(6.276762723509E0,1.230754079407E1,-5.232152832619E0));
#3694=CARTESIAN_POINT('',(6.159695142906E0,1.262275020851E1,-5.068157702787E0));
#3695=CARTESIAN_POINT('',(6.511268767846E0,1.167712196517E1,-5.559851424705E0));
#3696=CARTESIAN_POINT('',(6.394340071607E0,1.199233137962E1,-5.395956003554E0));
#3697=CARTESIAN_POINT('',(6.277411375368E0,1.230754079407E1,-5.232060582402E0));
#3698=CARTESIAN_POINT('',(6.160482679128E0,1.262275020851E1,-5.068165161251E0));
#3699=CARTESIAN_POINT('',(6.635436042068E0,1.167712196517E1,-5.462400736364E0));
#3700=CARTESIAN_POINT('',(6.564936554218E0,1.199233137962E1,-5.331819340119E0));
#3701=CARTESIAN_POINT('',(6.494437066369E0,1.230754079407E1,-5.201237943873E0));
#3702=CARTESIAN_POINT('',(6.423937578519E0,1.262275020851E1,-5.070656547628E0));
#3703=CARTESIAN_POINT('',(6.949998989201E0,1.167712196517E1,-5.354044163757E0));
#3704=CARTESIAN_POINT('',(6.949998798024E0,1.199233137962E1,-5.260414257303E0));
#3705=CARTESIAN_POINT('',(6.949998606846E0,1.230754079407E1,-5.166784350850E0));
#3706=CARTESIAN_POINT('',(6.949998415669E0,1.262275020851E1,-5.073154444397E0));
#3707=CARTESIAN_POINT('',(7.264565011505E0,1.167712196517E1,-5.462400880219E0));
#3708=CARTESIAN_POINT('',(7.335064655351E0,1.199233137962E1,-5.331819435187E0));
#3709=CARTESIAN_POINT('',(7.405564299196E0,1.230754079407E1,-5.201237990154E0));
#3710=CARTESIAN_POINT('',(7.476063943042E0,1.262275020851E1,-5.070656545122E0));
#3711=CARTESIAN_POINT('',(7.388734170605E0,1.167712196517E1,-5.559853726241E0));
#3712=CARTESIAN_POINT('',(7.505663958322E0,1.199233137962E1,-5.395957518199E0));
#3713=CARTESIAN_POINT('',(7.622593746038E0,1.230754079407E1,-5.232061310157E0));
#3714=CARTESIAN_POINT('',(7.739523533755E0,1.262275020851E1,-5.068165102115E0));
#3715=CARTESIAN_POINT('',(7.389107260239E0,1.167712196517E1,-5.560147134596E0));
#3716=CARTESIAN_POINT('',(7.506176760494E0,1.199233137962E1,-5.396150622771E0));
#3717=CARTESIAN_POINT('',(7.623246260749E0,1.230754079407E1,-5.232154110946E0));
#3718=CARTESIAN_POINT('',(7.740315761005E0,1.262275020851E1,-5.068157599121E0));
#3719=B_SPLINE_SURFACE_WITH_KNOTS('',3,3,((#3691,#3692,#3693,#3694),(#3695,
#3696,#3697,#3698),(#3699,#3700,#3701,#3702),(#3703,#3704,#3705,#3706),(#3707,
#3708,#3709,#3710),(#3711,#3712,#3713,#3714),(#3715,#3716,#3717,#3718)),
.UNSPECIFIED.,.F.,.F.,.F.,(4,1,1,1,4),(4,4),(-1.499112704771E-3,0.E0,5.E-1,1.E0,
1.001508042293E0),(-1.295365684104E-3,1.001243471549E0),.UNSPECIFIED.);
#3720=ORIENTED_EDGE('',*,*,#2377,.F.);
#3722=ORIENTED_EDGE('',*,*,#3721,.F.);
#3724=ORIENTED_EDGE('',*,*,#3723,.F.);
#3725=ORIENTED_EDGE('',*,*,#3681,.T.);
#3726=EDGE_LOOP('',(#3720,#3722,#3724,#3725));
#3727=FACE_OUTER_BOUND('',#3726,.F.);
#3729=CARTESIAN_POINT('',(6.950000000002E0,1.215003773870E1,-6.15E0));
#3730=DIRECTION('',(1.000088900582E-12,1.E0,0.E0));
#3731=DIRECTION('',(-5.679299065018E-1,5.679803958012E-13,-8.230769230764E-1));
#3732=AXIS2_PLACEMENT_3D('',#3729,#3730,#3731);
#3733=CONICAL_SURFACE('',#3732,1.025023062538E0,3.142956561494E1);
#3734=ORIENTED_EDGE('',*,*,#3721,.T.);
#3736=ORIENTED_EDGE('',*,*,#3735,.F.);
#3738=ORIENTED_EDGE('',*,*,#3737,.F.);
#3740=ORIENTED_EDGE('',*,*,#3739,.F.);
#3742=ORIENTED_EDGE('',*,*,#3741,.F.);
#3743=EDGE_LOOP('',(#3734,#3736,#3738,#3740,#3742));
#3744=FACE_OUTER_BOUND('',#3743,.F.);
#3746=CARTESIAN_POINT('',(6.950000000001E0,1.257487182199E1,-6.15E0));
#3747=DIRECTION('',(0.E0,1.E0,0.E0));
#3748=DIRECTION('',(1.E0,0.E0,0.E0));
#3749=AXIS2_PLACEMENT_3D('',#3746,#3747,#3748);
#3750=CYLINDRICAL_SURFACE('',#3749,1.299999999999E0);
#3751=ORIENTED_EDGE('',*,*,#2375,.T.);
#3752=ORIENTED_EDGE('',*,*,#2259,.F.);
#3754=ORIENTED_EDGE('',*,*,#3753,.T.);
#3755=ORIENTED_EDGE('',*,*,#3737,.T.);
#3756=ORIENTED_EDGE('',*,*,#3735,.T.);
#3757=EDGE_LOOP('',(#3751,#3752,#3754,#3755,#3756));
#3758=FACE_OUTER_BOUND('',#3757,.F.);
#3760=CARTESIAN_POINT('',(6.950009641260E0,1.310003231427E1,-7.22E0));
#3761=DIRECTION('',(0.E0,0.E0,1.E0));
#3762=DIRECTION('',(-1.E0,0.E0,0.E0));
#3763=AXIS2_PLACEMENT_3D('',#3760,#3761,#3762);
#3764=PLANE('',#3763);
#3765=ORIENTED_EDGE('',*,*,#3753,.F.);
#3766=ORIENTED_EDGE('',*,*,#2257,.T.);
#3767=ORIENTED_EDGE('',*,*,#3669,.T.);
#3769=ORIENTED_EDGE('',*,*,#3768,.T.);
#3770=EDGE_LOOP('',(#3765,#3766,#3767,#3769));
#3771=FACE_OUTER_BOUND('',#3770,.F.);
#3773=CARTESIAN_POINT('',(7.389128294182E0,1.167712249060E1,-6.739836542562E0));
#3774=CARTESIAN_POINT('',(7.506209503392E0,1.199234221152E1,-6.903844089271E0));
#3775=CARTESIAN_POINT('',(7.623290712602E0,1.230756193244E1,-7.067851635980E0));
#3776=CARTESIAN_POINT('',(7.740371921812E0,1.262278165336E1,-7.231859182689E0));
#3777=CARTESIAN_POINT('',(7.388758617976E0,1.167712249060E1,-6.740127288448E0));
#3778=CARTESIAN_POINT('',(7.505701380530E0,1.199234221152E1,-6.904035438268E0));
#3779=CARTESIAN_POINT('',(7.622644143083E0,1.230756193244E1,-7.067943588089E0));
#3780=CARTESIAN_POINT('',(7.739586905637E0,1.262278165336E1,-7.231851737909E0));
#3781=CARTESIAN_POINT('',(7.264589554823E0,1.167712249060E1,-6.837589219143E0));
#3782=CARTESIAN_POINT('',(7.335097447442E0,1.199234221152E1,-6.968178395487E0));
#3783=CARTESIAN_POINT('',(7.405605340061E0,1.230756193244E1,-7.098767571831E0));
#3784=CARTESIAN_POINT('',(7.476113232680E0,1.262278165336E1,-7.229356748175E0));
#3785=CARTESIAN_POINT('',(6.950009779313E0,1.167712249060E1,-6.945962755515E0));
#3786=CARTESIAN_POINT('',(6.950011594151E0,1.199234221152E1,-7.039593405238E0));
#3787=CARTESIAN_POINT('',(6.950013408989E0,1.230756193244E1,-7.133224054962E0));
#3788=CARTESIAN_POINT('',(6.950015223828E0,1.262278165336E1,-7.226854704685E0));
#3789=CARTESIAN_POINT('',(6.635419539886E0,1.167712249060E1,-6.837594583539E0));
#3790=CARTESIAN_POINT('',(6.564914452515E0,1.199234221152E1,-6.968181927175E0));
#3791=CARTESIAN_POINT('',(6.494409365145E0,1.230756193244E1,-7.098769270811E0));
#3792=CARTESIAN_POINT('',(6.423904277774E0,1.262278165336E1,-7.229356614447E0));
#3793=CARTESIAN_POINT('',(6.511243496218E0,1.167712249060E1,-6.740128975522E0));
#3794=CARTESIAN_POINT('',(6.394301552206E0,1.199234221152E1,-6.904036547342E0));
#3795=CARTESIAN_POINT('',(6.277359608194E0,1.230756193244E1,-7.067944119161E0));
#3796=CARTESIAN_POINT('',(6.160417664182E0,1.262278165336E1,-7.231851690981E0));
#3797=CARTESIAN_POINT('',(6.510867727765E0,1.167712249060E1,-6.739833433854E0));
#3798=CARTESIAN_POINT('',(6.393785054024E0,1.199234221152E1,-6.903842042093E0));
#3799=CARTESIAN_POINT('',(6.276702380284E0,1.230756193244E1,-7.067850650331E0));
#3800=CARTESIAN_POINT('',(6.159619706543E0,1.262278165336E1,-7.231859258569E0));
#3801=B_SPLINE_SURFACE_WITH_KNOTS('',3,3,((#3773,#3774,#3775,#3776),(#3777,
#3778,#3779,#3780),(#3781,#3782,#3783,#3784),(#3785,#3786,#3787,#3788),(#3789,
#3790,#3791,#3792),(#3793,#3794,#3795,#3796),(#3797,#3798,#3799,#3800)),
.UNSPECIFIED.,.F.,.F.,.F.,(4,1,1,1,4),(4,4),(-1.494194523235E-3,0.E0,5.E-1,1.E0,
1.001518827215E0),(-1.295204727690E-3,1.001286574240E0),.UNSPECIFIED.);
#3802=ORIENTED_EDGE('',*,*,#3685,.T.);
#3804=ORIENTED_EDGE('',*,*,#3803,.F.);
#3805=ORIENTED_EDGE('',*,*,#3739,.T.);
#3806=ORIENTED_EDGE('',*,*,#3768,.F.);
#3807=EDGE_LOOP('',(#3802,#3804,#3805,#3806));
#3808=FACE_OUTER_BOUND('',#3807,.F.);
#3810=CARTESIAN_POINT('',(6.949999999924E0,1.17E1,-6.149998995447E0));
#3811=DIRECTION('',(0.E0,1.E0,0.E0));
#3812=DIRECTION('',(-1.E0,0.E0,0.E0));
#3813=AXIS2_PLACEMENT_3D('',#3810,#3811,#3812);
#3814=PLANE('',#3813);
#3815=ORIENTED_EDGE('',*,*,#3683,.T.);
#3816=ORIENTED_EDGE('',*,*,#3723,.T.);
#3817=ORIENTED_EDGE('',*,*,#3741,.T.);
#3818=ORIENTED_EDGE('',*,*,#3803,.T.);
#3819=EDGE_LOOP('',(#3815,#3816,#3817,#3818));
#3820=FACE_OUTER_BOUND('',#3819,.F.);
#3822=CARTESIAN_POINT('',(9.199999999999E0,1.2E1,-4.64E0));
#3823=DIRECTION('',(0.E0,0.E0,1.E0));
#3824=DIRECTION('',(0.E0,1.E0,0.E0));
#3825=AXIS2_PLACEMENT_3D('',#3822,#3823,#3824);
#3826=PLANE('',#3825);
#3828=ORIENTED_EDGE('',*,*,#3827,.T.);
#3830=ORIENTED_EDGE('',*,*,#3829,.F.);
#3831=ORIENTED_EDGE('',*,*,#2195,.F.);
#3832=ORIENTED_EDGE('',*,*,#2071,.T.);
#3833=ORIENTED_EDGE('',*,*,#2051,.T.);
#3834=ORIENTED_EDGE('',*,*,#1986,.T.);
#3835=EDGE_LOOP('',(#3828,#3830,#3831,#3832,#3833,#3834));
#3836=FACE_OUTER_BOUND('',#3835,.F.);
#3838=CARTESIAN_POINT('',(8.5E0,1.18E1,-3.590000004983E0));
#3839=DIRECTION('',(-7.071067811820E-1,7.071067811911E-1,0.E0));
#3840=DIRECTION('',(0.E0,0.E0,-1.E0));
#3841=AXIS2_PLACEMENT_3D('',#3838,#3839,#3840);
#3842=PLANE('',#3841);
#3843=ORIENTED_EDGE('',*,*,#1950,.F.);
#3845=ORIENTED_EDGE('',*,*,#3844,.F.);
#3846=ORIENTED_EDGE('',*,*,#3827,.F.);
#3847=ORIENTED_EDGE('',*,*,#1984,.T.);
#3848=EDGE_LOOP('',(#3843,#3845,#3846,#3847));
#3849=FACE_OUTER_BOUND('',#3848,.F.);
#3851=CARTESIAN_POINT('',(8.6E0,1.275E1,-3.590000078792E0));
#3852=DIRECTION('',(1.E0,0.E0,0.E0));
#3853=DIRECTION('',(0.E0,1.E0,0.E0));
#3854=AXIS2_PLACEMENT_3D('',#3851,#3852,#3853);
#3855=PLANE('',#3854);
#3856=ORIENTED_EDGE('',*,*,#1948,.F.);
#3857=ORIENTED_EDGE('',*,*,#2197,.F.);
#3858=ORIENTED_EDGE('',*,*,#3829,.T.);
#3859=ORIENTED_EDGE('',*,*,#3844,.T.);
#3860=EDGE_LOOP('',(#3856,#3857,#3858,#3859));
#3861=FACE_OUTER_BOUND('',#3860,.F.);
#3863=CARTESIAN_POINT('',(9.200000000001E0,1.3E1,-3.44E0));
#3864=DIRECTION('',(1.E0,0.E0,0.E0));
#3865=DIRECTION('',(0.E0,0.E0,1.E0));
#3866=AXIS2_PLACEMENT_3D('',#3863,#3864,#3865);
#3867=PLANE('',#3866);
#3869=ORIENTED_EDGE('',*,*,#3868,.F.);
#3870=ORIENTED_EDGE('',*,*,#2234,.T.);
#3872=ORIENTED_EDGE('',*,*,#3871,.F.);
#3874=ORIENTED_EDGE('',*,*,#3873,.F.);
#3875=EDGE_LOOP('',(#3869,#3870,#3872,#3874));
#3876=FACE_OUTER_BOUND('',#3875,.F.);
#3878=CARTESIAN_POINT('',(1.065E1,1.3E1,-3.04E0));
#3879=DIRECTION('',(0.E0,0.E0,1.E0));
#3880=DIRECTION('',(0.E0,-1.E0,0.E0));
#3881=AXIS2_PLACEMENT_3D('',#3878,#3879,#3880);
#3882=PLANE('',#3881);
#3884=ORIENTED_EDGE('',*,*,#3883,.F.);
#3885=ORIENTED_EDGE('',*,*,#2236,.T.);
#3886=ORIENTED_EDGE('',*,*,#3868,.T.);
#3888=ORIENTED_EDGE('',*,*,#3887,.F.);
#3889=EDGE_LOOP('',(#3884,#3885,#3886,#3888));
#3890=FACE_OUTER_BOUND('',#3889,.F.);
#3892=CARTESIAN_POINT('',(1.21E1,1.3E1,-3.44E0));
#3893=DIRECTION('',(1.E0,0.E0,0.E0));
#3894=DIRECTION('',(0.E0,0.E0,-1.E0));
#3895=AXIS2_PLACEMENT_3D('',#3892,#3893,#3894);
#3896=PLANE('',#3895);
#3898=ORIENTED_EDGE('',*,*,#3897,.F.);
#3899=ORIENTED_EDGE('',*,*,#2238,.T.);
#3900=ORIENTED_EDGE('',*,*,#3883,.T.);
#3902=ORIENTED_EDGE('',*,*,#3901,.F.);
#3903=EDGE_LOOP('',(#3898,#3899,#3900,#3902));
#3904=FACE_OUTER_BOUND('',#3903,.F.);
#3906=CARTESIAN_POINT('',(1.065E1,1.3E1,-3.84E0));
#3907=DIRECTION('',(0.E0,0.E0,1.E0));
#3908=DIRECTION('',(-1.E0,0.E0,0.E0));
#3909=AXIS2_PLACEMENT_3D('',#3906,#3907,#3908);
#3910=PLANE('',#3909);
#3911=ORIENTED_EDGE('',*,*,#3871,.T.);
#3912=ORIENTED_EDGE('',*,*,#2240,.T.);
#3913=ORIENTED_EDGE('',*,*,#3897,.T.);
#3915=ORIENTED_EDGE('',*,*,#3914,.F.);
#3916=EDGE_LOOP('',(#3911,#3912,#3913,#3915));
#3917=FACE_OUTER_BOUND('',#3916,.F.);
#3919=CARTESIAN_POINT('',(1.065E1,1.24E1,-3.44E0));
#3920=DIRECTION('',(0.E0,1.E0,0.E0));
#3921=DIRECTION('',(1.E0,0.E0,0.E0));
#3922=AXIS2_PLACEMENT_3D('',#3919,#3920,#3921);
#3923=PLANE('',#3922);
#3924=ORIENTED_EDGE('',*,*,#3901,.T.);
#3925=ORIENTED_EDGE('',*,*,#3887,.T.);
#3926=ORIENTED_EDGE('',*,*,#3873,.T.);
#3927=ORIENTED_EDGE('',*,*,#3914,.T.);
#3928=EDGE_LOOP('',(#3924,#3925,#3926,#3927));
#3929=FACE_OUTER_BOUND('',#3928,.F.);
#3931=CARTESIAN_POINT('',(6.950000000001E0,1.257485105864E1,-3.61E0));
#3932=DIRECTION('',(0.E0,1.E0,0.E0));
#3933=DIRECTION('',(1.E0,0.E0,0.E0));
#3934=AXIS2_PLACEMENT_3D('',#3931,#3932,#3933);
#3935=CYLINDRICAL_SURFACE('',#3934,1.299999999999E0);
#3936=ORIENTED_EDGE('',*,*,#1960,.F.);
#3938=ORIENTED_EDGE('',*,*,#3937,.F.);
#3940=ORIENTED_EDGE('',*,*,#3939,.F.);
#3942=ORIENTED_EDGE('',*,*,#3941,.F.);
#3943=ORIENTED_EDGE('',*,*,#2245,.F.);
#3944=EDGE_LOOP('',(#3936,#3938,#3940,#3942,#3943));
#3945=FACE_OUTER_BOUND('',#3944,.F.);
#3947=CARTESIAN_POINT('',(6.949999999998E0,1.215003818611E1,-3.61E0));
#3948=DIRECTION('',(-1.000088900582E-12,1.E0,0.E0));
#3949=DIRECTION('',(5.679299065017E-1,5.679803958011E-13,8.230769230765E-1));
#3950=AXIS2_PLACEMENT_3D('',#3947,#3948,#3949);
#3951=CONICAL_SURFACE('',#3950,1.025023335958E0,3.142956561472E1);
#3952=ORIENTED_EDGE('',*,*,#3937,.T.);
#3954=ORIENTED_EDGE('',*,*,#3953,.F.);
#3956=ORIENTED_EDGE('',*,*,#3955,.F.);
#3958=ORIENTED_EDGE('',*,*,#3957,.F.);
#3959=ORIENTED_EDGE('',*,*,#3939,.T.);
#3960=EDGE_LOOP('',(#3952,#3954,#3956,#3958,#3959));
#3961=FACE_OUTER_BOUND('',#3960,.F.);
#3963=CARTESIAN_POINT('',(6.510897884714E0,1.167712196517E1,-3.020143092282E0));
#3964=CARTESIAN_POINT('',(6.393830304111E0,1.199233137962E1,-2.856147962450E0));
#3965=CARTESIAN_POINT('',(6.276762723509E0,1.230754079407E1,-2.692152832619E0));
#3966=CARTESIAN_POINT('',(6.159695142906E0,1.262275020851E1,-2.528157702787E0));
#3967=CARTESIAN_POINT('',(6.511268767846E0,1.167712196517E1,-3.019851424705E0));
#3968=CARTESIAN_POINT('',(6.394340071607E0,1.199233137962E1,-2.855956003554E0));
#3969=CARTESIAN_POINT('',(6.277411375368E0,1.230754079407E1,-2.692060582402E0));
#3970=CARTESIAN_POINT('',(6.160482679128E0,1.262275020851E1,-2.528165161251E0));
#3971=CARTESIAN_POINT('',(6.635436042067E0,1.167712196517E1,-2.922400736364E0));
#3972=CARTESIAN_POINT('',(6.564936554218E0,1.199233137962E1,-2.791819340119E0));
#3973=CARTESIAN_POINT('',(6.494437066369E0,1.230754079407E1,-2.661237943873E0));
#3974=CARTESIAN_POINT('',(6.423937578519E0,1.262275020851E1,-2.530656547628E0));
#3975=CARTESIAN_POINT('',(6.949998989201E0,1.167712196517E1,-2.814044163757E0));
#3976=CARTESIAN_POINT('',(6.949998798024E0,1.199233137962E1,-2.720414257304E0));
#3977=CARTESIAN_POINT('',(6.949998606846E0,1.230754079407E1,-2.626784350850E0));
#3978=CARTESIAN_POINT('',(6.949998415669E0,1.262275020851E1,-2.533154444397E0));
#3979=CARTESIAN_POINT('',(7.264565011505E0,1.167712196517E1,-2.922400880219E0));
#3980=CARTESIAN_POINT('',(7.335064655351E0,1.199233137962E1,-2.791819435187E0));
#3981=CARTESIAN_POINT('',(7.405564299196E0,1.230754079407E1,-2.661237990154E0));
#3982=CARTESIAN_POINT('',(7.476063943042E0,1.262275020851E1,-2.530656545122E0));
#3983=CARTESIAN_POINT('',(7.388734170605E0,1.167712196517E1,-3.019853726241E0));
#3984=CARTESIAN_POINT('',(7.505663958322E0,1.199233137962E1,-2.855957518199E0));
#3985=CARTESIAN_POINT('',(7.622593746038E0,1.230754079407E1,-2.692061310157E0));
#3986=CARTESIAN_POINT('',(7.739523533755E0,1.262275020851E1,-2.528165102115E0));
#3987=CARTESIAN_POINT('',(7.389107260239E0,1.167712196517E1,-3.020147134596E0));
#3988=CARTESIAN_POINT('',(7.506176760494E0,1.199233137962E1,-2.856150622771E0));
#3989=CARTESIAN_POINT('',(7.623246260749E0,1.230754079407E1,-2.692154110946E0));
#3990=CARTESIAN_POINT('',(7.740315761005E0,1.262275020851E1,-2.528157599121E0));
#3991=B_SPLINE_SURFACE_WITH_KNOTS('',3,3,((#3963,#3964,#3965,#3966),(#3967,
#3968,#3969,#3970),(#3971,#3972,#3973,#3974),(#3975,#3976,#3977,#3978),(#3979,
#3980,#3981,#3982),(#3983,#3984,#3985,#3986),(#3987,#3988,#3989,#3990)),
.UNSPECIFIED.,.F.,.F.,.F.,(4,1,1,1,4),(4,4),(-1.499112704769E-3,0.E0,5.E-1,1.E0,
1.001508042293E0),(-1.295365684105E-3,1.001243471548E0),.UNSPECIFIED.);
#3992=ORIENTED_EDGE('',*,*,#1966,.F.);
#3994=ORIENTED_EDGE('',*,*,#3993,.F.);
#3996=ORIENTED_EDGE('',*,*,#3995,.F.);
#3997=ORIENTED_EDGE('',*,*,#3953,.T.);
#3998=EDGE_LOOP('',(#3992,#3994,#3996,#3997));
#3999=FACE_OUTER_BOUND('',#3998,.F.);
#4001=CARTESIAN_POINT('',(6.950000000002E0,1.215003773870E1,-3.61E0));
#4002=DIRECTION('',(1.000088900582E-12,1.E0,0.E0));
#4003=DIRECTION('',(-5.679299065018E-1,5.679803958012E-13,-8.230769230764E-1));
#4004=AXIS2_PLACEMENT_3D('',#4001,#4002,#4003);
#4005=CONICAL_SURFACE('',#4004,1.025023062538E0,3.142956561494E1);
#4006=ORIENTED_EDGE('',*,*,#3993,.T.);
#4008=ORIENTED_EDGE('',*,*,#4007,.F.);
#4010=ORIENTED_EDGE('',*,*,#4009,.F.);
#4012=ORIENTED_EDGE('',*,*,#4011,.F.);
#4014=ORIENTED_EDGE('',*,*,#4013,.F.);
#4015=EDGE_LOOP('',(#4006,#4008,#4010,#4012,#4014));
#4016=FACE_OUTER_BOUND('',#4015,.F.);
#4018=CARTESIAN_POINT('',(6.950000000001E0,1.257487182199E1,-3.61E0));
#4019=DIRECTION('',(0.E0,1.E0,0.E0));
#4020=DIRECTION('',(1.E0,0.E0,0.E0));
#4021=AXIS2_PLACEMENT_3D('',#4018,#4019,#4020);
#4022=CYLINDRICAL_SURFACE('',#4021,1.299999999999E0);
#4023=ORIENTED_EDGE('',*,*,#1964,.T.);
#4024=ORIENTED_EDGE('',*,*,#2249,.F.);
#4026=ORIENTED_EDGE('',*,*,#4025,.T.);
#4027=ORIENTED_EDGE('',*,*,#4009,.T.);
#4028=ORIENTED_EDGE('',*,*,#4007,.T.);
#4029=EDGE_LOOP('',(#4023,#4024,#4026,#4027,#4028));
#4030=FACE_OUTER_BOUND('',#4029,.F.);
#4032=CARTESIAN_POINT('',(6.950009641260E0,1.310003231427E1,-4.68E0));
#4033=DIRECTION('',(0.E0,0.E0,1.E0));
#4034=DIRECTION('',(-1.E0,0.E0,0.E0));
#4035=AXIS2_PLACEMENT_3D('',#4032,#4033,#4034);
#4036=PLANE('',#4035);
#4037=ORIENTED_EDGE('',*,*,#4025,.F.);
#4038=ORIENTED_EDGE('',*,*,#2247,.T.);
#4039=ORIENTED_EDGE('',*,*,#3941,.T.);
#4041=ORIENTED_EDGE('',*,*,#4040,.T.);
#4042=EDGE_LOOP('',(#4037,#4038,#4039,#4041));
#4043=FACE_OUTER_BOUND('',#4042,.F.);
#4045=CARTESIAN_POINT('',(7.389128294182E0,1.167712249060E1,-4.199836542562E0));
#4046=CARTESIAN_POINT('',(7.506209503392E0,1.199234221152E1,-4.363844089271E0));
#4047=CARTESIAN_POINT('',(7.623290712602E0,1.230756193244E1,-4.527851635980E0));
#4048=CARTESIAN_POINT('',(7.740371921812E0,1.262278165336E1,-4.691859182689E0));
#4049=CARTESIAN_POINT('',(7.388758617976E0,1.167712249060E1,-4.200127288448E0));
#4050=CARTESIAN_POINT('',(7.505701380530E0,1.199234221152E1,-4.364035438268E0));
#4051=CARTESIAN_POINT('',(7.622644143083E0,1.230756193244E1,-4.527943588089E0));
#4052=CARTESIAN_POINT('',(7.739586905637E0,1.262278165336E1,-4.691851737909E0));
#4053=CARTESIAN_POINT('',(7.264589554823E0,1.167712249060E1,-4.297589219143E0));
#4054=CARTESIAN_POINT('',(7.335097447442E0,1.199234221152E1,-4.428178395487E0));
#4055=CARTESIAN_POINT('',(7.405605340061E0,1.230756193244E1,-4.558767571831E0));
#4056=CARTESIAN_POINT('',(7.476113232680E0,1.262278165336E1,-4.689356748175E0));
#4057=CARTESIAN_POINT('',(6.950009779313E0,1.167712249060E1,-4.405962755515E0));
#4058=CARTESIAN_POINT('',(6.950011594151E0,1.199234221152E1,-4.499593405238E0));
#4059=CARTESIAN_POINT('',(6.950013408989E0,1.230756193244E1,-4.593224054962E0));
#4060=CARTESIAN_POINT('',(6.950015223828E0,1.262278165336E1,-4.686854704685E0));
#4061=CARTESIAN_POINT('',(6.635419539887E0,1.167712249060E1,-4.297594583539E0));
#4062=CARTESIAN_POINT('',(6.564914452516E0,1.199234221152E1,-4.428181927175E0));
#4063=CARTESIAN_POINT('',(6.494409365145E0,1.230756193244E1,-4.558769270811E0));
#4064=CARTESIAN_POINT('',(6.423904277774E0,1.262278165336E1,-4.689356614447E0));
#4065=CARTESIAN_POINT('',(6.511243496218E0,1.167712249060E1,-4.200128975522E0));
#4066=CARTESIAN_POINT('',(6.394301552206E0,1.199234221152E1,-4.364036547342E0));
#4067=CARTESIAN_POINT('',(6.277359608194E0,1.230756193244E1,-4.527944119161E0));
#4068=CARTESIAN_POINT('',(6.160417664182E0,1.262278165336E1,-4.691851690981E0));
#4069=CARTESIAN_POINT('',(6.510867727765E0,1.167712249060E1,-4.199833433854E0));
#4070=CARTESIAN_POINT('',(6.393785054024E0,1.199234221152E1,-4.363842042093E0));
#4071=CARTESIAN_POINT('',(6.276702380284E0,1.230756193244E1,-4.527850650331E0));
#4072=CARTESIAN_POINT('',(6.159619706543E0,1.262278165336E1,-4.691859258569E0));
#4073=B_SPLINE_SURFACE_WITH_KNOTS('',3,3,((#4045,#4046,#4047,#4048),(#4049,
#4050,#4051,#4052),(#4053,#4054,#4055,#4056),(#4057,#4058,#4059,#4060),(#4061,
#4062,#4063,#4064),(#4065,#4066,#4067,#4068),(#4069,#4070,#4071,#4072)),
.UNSPECIFIED.,.F.,.F.,.F.,(4,1,1,1,4),(4,4),(-1.494194523235E-3,0.E0,5.E-1,1.E0,
1.001518827215E0),(-1.295204727693E-3,1.001286574240E0),.UNSPECIFIED.);
#4074=ORIENTED_EDGE('',*,*,#3957,.T.);
#4076=ORIENTED_EDGE('',*,*,#4075,.F.);
#4077=ORIENTED_EDGE('',*,*,#4011,.T.);
#4078=ORIENTED_EDGE('',*,*,#4040,.F.);
#4079=EDGE_LOOP('',(#4074,#4076,#4077,#4078));
#4080=FACE_OUTER_BOUND('',#4079,.F.);
#4082=CARTESIAN_POINT('',(6.949999999924E0,1.17E1,-3.609998995447E0));
#4083=DIRECTION('',(0.E0,1.E0,0.E0));
#4084=DIRECTION('',(-1.E0,0.E0,0.E0));
#4085=AXIS2_PLACEMENT_3D('',#4082,#4083,#4084);
#4086=PLANE('',#4085);
#4087=ORIENTED_EDGE('',*,*,#3955,.T.);
#4088=ORIENTED_EDGE('',*,*,#3995,.T.);
#4089=ORIENTED_EDGE('',*,*,#4013,.T.);
#4090=ORIENTED_EDGE('',*,*,#4075,.T.);
#4091=EDGE_LOOP('',(#4087,#4088,#4089,#4090));
#4092=FACE_OUTER_BOUND('',#4091,.F.);
#4094=CLOSED_SHELL('',(#1934,#1954,#1970,#1994,#2010,#2024,#2041,#2055,#2077,
#2096,#2130,#2148,#2162,#2180,#2263,#2278,#2292,#2306,#2319,#2331,#2347,#2366,
#2381,#2405,#2421,#2435,#2452,#2466,#2486,#2511,#2524,#2535,#2549,#2562,#2577,
#2589,#2605,#2618,#2630,#2669,#2704,#2719,#2737,#2751,#2768,#2781,#2794,#2806,
#2821,#2839,#2853,#2870,#2883,#2896,#2908,#2922,#2936,#2966,#2980,#2995,#3043,
#3056,#3069,#3082,#3095,#3128,#3143,#3161,#3175,#3192,#3205,#3218,#3230,#3245,
#3263,#3277,#3294,#3307,#3320,#3332,#3345,#3358,#3370,#3383,#3400,#3415,#3430,
#3448,#3462,#3476,#3502,#3516,#3528,#3543,#3555,#3570,#3582,#3595,#3608,#3620,
#3633,#3646,#3658,#3674,#3690,#3728,#3745,#3759,#3772,#3809,#3821,#3837,#3850,
#3862,#3877,#3891,#3905,#3918,#3930,#3946,#3962,#4000,#4017,#4031,#4044,#4081,
#4093));
#4095=MANIFOLD_SOLID_BREP('',#4094);
#4097=DIMENSIONAL_EXPONENTS(0.E0,0.E0,0.E0,0.E0,0.E0,0.E0,0.E0);
#4099=PLANE_ANGLE_MEASURE_WITH_UNIT(PLANE_ANGLE_MEASURE(1.745329251994E-2),
#4098);
#4100=(CONVERSION_BASED_UNIT('DEGREE',#4099)NAMED_UNIT(*)PLANE_ANGLE_UNIT());
#4102=UNCERTAINTY_MEASURE_WITH_UNIT(LENGTH_MEASURE(2.219515685091E-3),#4096,
'closure',
'Maximum model space distance between geometric entities at asserted connectivities');
#4105=APPLICATION_CONTEXT(
'CONFIGURATION CONTROLLED 3D DESIGNS OF MECHANICAL PARTS AND ASSEMBLIES');
#4106=APPLICATION_PROTOCOL_DEFINITION('international standard',
'config_control_design',1994,#4105);
#4107=DESIGN_CONTEXT('',#4105,'design');
#4108=MECHANICAL_CONTEXT('',#4105,'mechanical');
#4109=PRODUCT('2','2','NOT SPECIFIED',(#4108));
#4110=PRODUCT_DEFINITION_FORMATION_WITH_SPECIFIED_SOURCE('','LAST_VERSION',
#4109,.MADE.);
#4114=PRODUCT_CATEGORY('part','');
#4115=PRODUCT_RELATED_PRODUCT_CATEGORY('detail','',(#4109));
#4116=PRODUCT_CATEGORY_RELATIONSHIP('','',#4114,#4115);
#4117=SECURITY_CLASSIFICATION_LEVEL('unclassified');
#4118=SECURITY_CLASSIFICATION('','',#4117);
#4119=CC_DESIGN_SECURITY_CLASSIFICATION(#4118,(#4110));
#4120=APPROVAL_STATUS('approved');
#4121=APPROVAL(#4120,'');
#4122=CC_DESIGN_APPROVAL(#4121,(#4118,#4110,#4111));
#4123=CALENDAR_DATE(120,4,6);
#4124=COORDINATED_UNIVERSAL_TIME_OFFSET(8,0,.AHEAD.);
#4125=LOCAL_TIME(16,6,4.8E1,#4124);
#4126=DATE_AND_TIME(#4123,#4125);
#4127=APPROVAL_DATE_TIME(#4126,#4121);
#4128=DATE_TIME_ROLE('creation_date');
#4129=CC_DESIGN_DATE_AND_TIME_ASSIGNMENT(#4126,#4128,(#4111));
#4130=DATE_TIME_ROLE('classification_date');
#4131=CC_DESIGN_DATE_AND_TIME_ASSIGNMENT(#4126,#4130,(#4118));
#4132=PERSON('UNSPECIFIED','UNSPECIFIED',$,$,$,$);
#4133=ORGANIZATION('UNSPECIFIED','UNSPECIFIED','UNSPECIFIED');
#4134=PERSON_AND_ORGANIZATION(#4132,#4133);
#4135=APPROVAL_ROLE('approver');
#4136=APPROVAL_PERSON_ORGANIZATION(#4134,#4121,#4135);
#4137=PERSON_AND_ORGANIZATION_ROLE('creator');
#4138=CC_DESIGN_PERSON_AND_ORGANIZATION_ASSIGNMENT(#4134,#4137,(#4110,#4111));
#4139=PERSON_AND_ORGANIZATION_ROLE('design_supplier');
#4140=CC_DESIGN_PERSON_AND_ORGANIZATION_ASSIGNMENT(#4134,#4139,(#4110));
#4141=PERSON_AND_ORGANIZATION_ROLE('classification_officer');
#4142=CC_DESIGN_PERSON_AND_ORGANIZATION_ASSIGNMENT(#4134,#4141,(#4118));
#4143=PERSON_AND_ORGANIZATION_ROLE('design_owner');
#4144=CC_DESIGN_PERSON_AND_ORGANIZATION_ASSIGNMENT(#4134,#4143,(#4109));
#17=CIRCLE('',#16,2.791915826700E-1);
#26=CIRCLE('',#25,5.E-1);
#53=B_SPLINE_CURVE_WITH_KNOTS('',3,(#47,#48,#49,#50,#51,#52),.UNSPECIFIED.,.F.,
.F.,(4,1,1,4),(0.E0,3.333333333333E-1,6.666666666667E-1,1.E0),.UNSPECIFIED.);
#102=CIRCLE('',#101,3.E0);
#215=CIRCLE('',#214,1.299999999999E0);
#220=CIRCLE('',#219,1.299999999999E0);
#225=CIRCLE('',#224,1.299999999999E0);
#230=CIRCLE('',#229,1.299999999999E0);
#295=CIRCLE('',#294,2.791915826700E-1);
#304=CIRCLE('',#303,5.E-1);
#339=B_SPLINE_CURVE_WITH_KNOTS('',3,(#333,#334,#335,#336,#337,#338),
.UNSPECIFIED.,.F.,.F.,(4,1,1,4),(0.E0,3.333333333333E-1,6.666666666667E-1,1.E0),
.UNSPECIFIED.);
#380=CIRCLE('',#379,3.E0);
#389=CIRCLE('',#388,5.E-1);
#398=CIRCLE('',#397,2.791915826700E-1);
#403=CIRCLE('',#402,2.791915826700E-1);
#436=CIRCLE('',#435,3.E0);
#509=CIRCLE('',#508,3.959361425800E-1);
#746=CIRCLE('',#745,3.959361425800E-1);
#1047=CIRCLE('',#1046,3.E0);
#1088=CIRCLE('',#1087,3.E0);
#1097=CIRCLE('',#1096,5.E-1);
#1106=CIRCLE('',#1105,2.791915826700E-1);
#1111=CIRCLE('',#1110,2.791915826700E-1);
#1144=CIRCLE('',#1143,3.E0);
#1225=CIRCLE('',#1224,1.300000000002E0);
#1230=CIRCLE('',#1229,1.300046223259E0);
#1247=CIRCLE('',#1246,1.299999999999E0);
#1252=CIRCLE('',#1251,1.299999999999E0);
#1265=B_SPLINE_CURVE_WITH_KNOTS('',3,(#1261,#1262,#1263,#1264),.UNSPECIFIED.,
.F.,.F.,(4,4),(0.E0,1.E0),.UNSPECIFIED.);
#1278=CIRCLE('',#1277,7.500000000025E-1);
#1287=B_SPLINE_CURVE_WITH_KNOTS('',3,(#1279,#1280,#1281,#1282,#1283,#1284,#1285,
#1286),.UNSPECIFIED.,.F.,.F.,(4,1,1,1,1,4),(0.E0,2.E-1,4.E-1,6.E-1,8.E-1,1.E0),
.UNSPECIFIED.);
#1292=CIRCLE('',#1291,7.499999999990E-1);
#1301=B_SPLINE_CURVE_WITH_KNOTS('',3,(#1293,#1294,#1295,#1296,#1297,#1298,#1299,
#1300),.UNSPECIFIED.,.F.,.F.,(4,1,1,1,1,4),(0.E0,2.E-1,4.E-1,6.E-1,8.E-1,1.E0),
.UNSPECIFIED.);
#1382=CIRCLE('',#1381,1.300000000002E0);
#1387=CIRCLE('',#1386,1.300046223259E0);
#1404=CIRCLE('',#1403,1.299999999999E0);
#1409=CIRCLE('',#1408,1.299999999999E0);
#1422=B_SPLINE_CURVE_WITH_KNOTS('',3,(#1418,#1419,#1420,#1421),.UNSPECIFIED.,
.F.,.F.,(4,4),(0.E0,1.E0),.UNSPECIFIED.);
#1435=CIRCLE('',#1434,7.500000000025E-1);
#1444=B_SPLINE_CURVE_WITH_KNOTS('',3,(#1436,#1437,#1438,#1439,#1440,#1441,#1442,
#1443),.UNSPECIFIED.,.F.,.F.,(4,1,1,1,1,4),(0.E0,2.E-1,4.E-1,6.E-1,8.E-1,1.E0),
.UNSPECIFIED.);
#1449=CIRCLE('',#1448,7.499999999990E-1);
#1458=B_SPLINE_CURVE_WITH_KNOTS('',3,(#1450,#1451,#1452,#1453,#1454,#1455,#1456,
#1457),.UNSPECIFIED.,.F.,.F.,(4,1,1,1,1,4),(0.E0,2.E-1,4.E-1,6.E-1,8.E-1,1.E0),
.UNSPECIFIED.);
#1924=EDGE_CURVE('',#1835,#1836,#4,.T.);
#1926=EDGE_CURVE('',#1842,#1835,#8,.T.);
#1928=EDGE_CURVE('',#1844,#1842,#12,.T.);
#1930=EDGE_CURVE('',#1844,#1836,#17,.T.);
#1934=ADVANCED_FACE('',(#1933),#1923,.F.);
#1940=EDGE_CURVE('',#1839,#1840,#21,.T.);
#1942=EDGE_CURVE('',#1839,#1859,#26,.T.);
#1944=EDGE_CURVE('',#1858,#1859,#30,.T.);
#1946=EDGE_CURVE('',#1848,#1858,#182,.T.);
#1948=EDGE_CURVE('',#1848,#1846,#34,.T.);
#1950=EDGE_CURVE('',#1846,#1840,#38,.T.);
#1954=ADVANCED_FACE('',(#1953),#1939,.F.);
#1960=EDGE_CURVE('',#1851,#1852,#42,.T.);
#1962=EDGE_CURVE('',#1855,#1852,#210,.T.);
#1964=EDGE_CURVE('',#1853,#1855,#46,.T.);
#1966=EDGE_CURVE('',#1853,#1851,#53,.T.);
#1970=ADVANCED_FACE('',(#1969),#1959,.F.);
#1977=EDGE_CURVE('',#1540,#1836,#65,.T.);
#1979=EDGE_CURVE('',#1538,#1540,#1101,.T.);
#1981=EDGE_CURVE('',#1839,#1538,#1168,.T.);
#1984=EDGE_CURVE('',#1518,#1840,#1321,.T.);
#1986=EDGE_CURVE('',#1517,#1518,#1317,.T.);
#1988=EDGE_CURVE('',#1517,#1520,#57,.T.);
#1990=EDGE_CURVE('',#1835,#1520,#73,.T.);
#1994=ADVANCED_FACE('',(#1993),#1975,.T.);
#2001=EDGE_CURVE('',#1844,#1544,#61,.T.);
#2003=EDGE_CURVE('',#1542,#1544,#1111,.T.);
#2005=EDGE_CURVE('',#1540,#1542,#1106,.T.);
#2010=ADVANCED_FACE('',(#2009),#1999,.F.);
#2017=EDGE_CURVE('',#1842,#1546,#69,.T.);
#2019=EDGE_CURVE('',#1544,#1546,#1115,.T.);
#2024=ADVANCED_FACE('',(#2023),#2015,.F.);
#2032=EDGE_CURVE('',#1548,#1520,#81,.T.);
#2034=EDGE_CURVE('',#1548,#1524,#77,.T.);
#2036=EDGE_CURVE('',#1546,#1524,#1119,.T.);
#2041=ADVANCED_FACE('',(#2040),#2029,.T.);
#2047=EDGE_CURVE('',#1548,#1550,#93,.T.);
#2051=EDGE_CURVE('',#1550,#1517,#1313,.T.);
#2055=ADVANCED_FACE('',(#2054),#2046,.T.);
#2061=EDGE_CURVE('',#1889,#1887,#85,.T.);
#2063=EDGE_CURVE('',#1554,#1887,#134,.T.);
#2065=EDGE_CURVE('',#1523,#1554,#1127,.T.);
#2067=EDGE_CURVE('',#1523,#1524,#89,.T.);
#2071=EDGE_CURVE('',#1552,#1550,#1309,.T.);
#2073=EDGE_CURVE('',#1889,#1552,#170,.T.);
#2077=ADVANCED_FACE('',(#2076),#2060,.T.);
#2083=EDGE_CURVE('',#1886,#1887,#106,.T.);
#2086=EDGE_CURVE('',#1657,#1889,#166,.T.);
#2088=EDGE_CURVE('',#1656,#1657,#146,.T.);
#2090=EDGE_CURVE('',#1656,#1659,#97,.T.);
#2092=EDGE_CURVE('',#1659,#1886,#102,.T.);
#2096=ADVANCED_FACE('',(#2095),#2082,.T.);
#2103=EDGE_CURVE('',#1800,#1886,#138,.T.);
#2105=EDGE_CURVE('',#1701,#1800,#431,.T.);
#2107=EDGE_CURVE('',#1701,#1746,#110,.T.);
#2109=EDGE_CURVE('',#1744,#1746,#513,.T.);
#2111=EDGE_CURVE('',#1744,#1918,#114,.T.);
#2113=EDGE_CURVE('',#1918,#1883,#118,.T.);
#2115=EDGE_CURVE('',#1883,#1508,#122,.T.);
#2117=EDGE_CURVE('',#1462,#1508,#762,.T.);
#2119=EDGE_CURVE('',#1462,#1862,#126,.T.);
#2121=EDGE_CURVE('',#1881,#1862,#130,.T.);
#2123=EDGE_CURVE('',#1621,#1881,#1148,.T.);
#2125=EDGE_CURVE('',#1554,#1621,#1139,.T.);
#2130=ADVANCED_FACE('',(#2129),#2101,.T.);
#2137=EDGE_CURVE('',#1673,#1659,#142,.T.);
#2139=EDGE_CURVE('',#1671,#1673,#380,.T.);
#2141=EDGE_CURVE('',#1774,#1671,#423,.T.);
#2143=EDGE_CURVE('',#1800,#1774,#436,.T.);
#2148=ADVANCED_FACE('',(#2147),#2135,.T.);
#2154=EDGE_CURVE('',#1675,#1656,#158,.T.);
#2156=EDGE_CURVE('',#1673,#1675,#384,.T.);
#2162=ADVANCED_FACE('',(#2161),#2153,.T.);
#2169=EDGE_CURVE('',#1776,#1657,#162,.T.);
#2171=EDGE_CURVE('',#1778,#1776,#448,.T.);
#2173=EDGE_CURVE('',#1778,#1677,#150,.T.);
#2175=EDGE_CURVE('',#1677,#1675,#154,.T.);
#2180=ADVANCED_FACE('',(#2179),#2167,.T.);
#2186=EDGE_CURVE('',#1915,#1905,#312,.T.);
#2188=EDGE_CURVE('',#1780,#1915,#468,.T.);
#2190=EDGE_CURVE('',#1776,#1780,#452,.T.);
#2195=EDGE_CURVE('',#1552,#1558,#174,.T.);
#2197=EDGE_CURVE('',#1558,#1848,#178,.T.);
#2200=EDGE_CURVE('',#1601,#1858,#1164,.T.);
#2202=EDGE_CURVE('',#1597,#1601,#1075,.T.);
#2204=EDGE_CURVE('',#1597,#1512,#186,.T.);
#2206=EDGE_CURVE('',#1512,#1863,#190,.T.);
#2208=EDGE_CURVE('',#1863,#1461,#194,.T.);
#2210=EDGE_CURVE('',#1464,#1461,#754,.T.);
#2212=EDGE_CURVE('',#1748,#1464,#846,.T.);
#2214=EDGE_CURVE('',#1699,#1748,#521,.T.);
#2216=EDGE_CURVE('',#1699,#1697,#198,.T.);
#2218=EDGE_CURVE('',#1697,#1705,#202,.T.);
#2220=EDGE_CURVE('',#1705,#1905,#206,.T.);
#2224=EDGE_CURVE('',#1783,#1784,#234,.T.);
#2226=EDGE_CURVE('',#1786,#1783,#238,.T.);
#2228=EDGE_CURVE('',#1788,#1786,#246,.T.);
#2230=EDGE_CURVE('',#1784,#1788,#258,.T.);
#2234=EDGE_CURVE('',#1604,#1605,#1333,.T.);
#2236=EDGE_CURVE('',#1607,#1604,#1337,.T.);
#2238=EDGE_CURVE('',#1609,#1607,#1345,.T.);
#2240=EDGE_CURVE('',#1605,#1609,#1357,.T.);
#2245=EDGE_CURVE('',#1852,#1562,#215,.T.);
#2247=EDGE_CURVE('',#1561,#1562,#1413,.T.);
#2249=EDGE_CURVE('',#1561,#1855,#220,.T.);
#2253=EDGE_CURVE('',#1909,#1912,#328,.T.);
#2255=EDGE_CURVE('',#1909,#1709,#225,.T.);
#2257=EDGE_CURVE('',#1708,#1709,#1256,.T.);
#2259=EDGE_CURVE('',#1708,#1912,#230,.T.);
#2263=ADVANCED_FACE('',(#2223,#2233,#2243,#2252,#2262),#2185,.T.);
#2269=EDGE_CURVE('',#1783,#1792,#242,.T.);
#2272=EDGE_CURVE('',#1794,#1784,#254,.T.);
#2274=EDGE_CURVE('',#1792,#1794,#274,.T.);
#2278=ADVANCED_FACE('',(#2277),#2268,.T.);
#2284=EDGE_CURVE('',#1786,#1796,#250,.T.);
#2288=EDGE_CURVE('',#1796,#1792,#270,.T.);
#2292=ADVANCED_FACE('',(#2291),#2283,.F.);
#2298=EDGE_CURVE('',#1788,#1798,#262,.T.);
#2302=EDGE_CURVE('',#1798,#1796,#266,.T.);
#2306=ADVANCED_FACE('',(#2305),#2297,.F.);
#2315=EDGE_CURVE('',#1794,#1798,#278,.T.);
#2319=ADVANCED_FACE('',(#2318),#2311,.T.);
#2331=ADVANCED_FACE('',(#2330),#2324,.T.);
#2337=EDGE_CURVE('',#1892,#1893,#282,.T.);
#2339=EDGE_CURVE('',#1899,#1892,#286,.T.);
#2341=EDGE_CURVE('',#1901,#1899,#290,.T.);
#2343=EDGE_CURVE('',#1901,#1893,#295,.T.);
#2347=ADVANCED_FACE('',(#2346),#2336,.F.);
#2353=EDGE_CURVE('',#1896,#1897,#299,.T.);
#2355=EDGE_CURVE('',#1896,#1916,#304,.T.);
#2357=EDGE_CURVE('',#1915,#1916,#308,.T.);
#2360=EDGE_CURVE('',#1905,#1903,#316,.T.);
#2362=EDGE_CURVE('',#1903,#1897,#320,.T.);
#2366=ADVANCED_FACE('',(#2365),#2352,.F.);
#2372=EDGE_CURVE('',#1908,#1909,#324,.T.);
#2375=EDGE_CURVE('',#1910,#1912,#332,.T.);
#2377=EDGE_CURVE('',#1910,#1908,#339,.T.);
#2381=ADVANCED_FACE('',(#2380),#2371,.F.);
#2388=EDGE_CURVE('',#1685,#1893,#351,.T.);
#2390=EDGE_CURVE('',#1683,#1685,#393,.T.);
#2392=EDGE_CURVE('',#1896,#1683,#472,.T.);
#2395=EDGE_CURVE('',#1663,#1897,#496,.T.);
#2397=EDGE_CURVE('',#1662,#1663,#492,.T.);
#2399=EDGE_CURVE('',#1662,#1665,#343,.T.);
#2401=EDGE_CURVE('',#1892,#1665,#359,.T.);
#2405=ADVANCED_FACE('',(#2404),#2386,.T.);
#2412=EDGE_CURVE('',#1901,#1689,#347,.T.);
#2414=EDGE_CURVE('',#1687,#1689,#403,.T.);
#2416=EDGE_CURVE('',#1685,#1687,#398,.T.);
#2421=ADVANCED_FACE('',(#2420),#2410,.F.);
#2428=EDGE_CURVE('',#1899,#1691,#355,.T.);
#2430=EDGE_CURVE('',#1689,#1691,#407,.T.);
#2435=ADVANCED_FACE('',(#2434),#2426,.F.);
#2443=EDGE_CURVE('',#1693,#1665,#367,.T.);
#2445=EDGE_CURVE('',#1693,#1669,#363,.T.);
#2447=EDGE_CURVE('',#1691,#1669,#411,.T.);
#2452=ADVANCED_FACE('',(#2451),#2440,.T.);
#2458=EDGE_CURVE('',#1693,#1695,#375,.T.);
#2462=EDGE_CURVE('',#1695,#1662,#488,.T.);
#2466=ADVANCED_FACE('',(#2465),#2457,.T.);
#2472=EDGE_CURVE('',#1668,#1669,#371,.T.);
#2476=EDGE_CURVE('',#1697,#1695,#484,.T.);
#2479=EDGE_CURVE('',#1746,#1699,#517,.T.);
#2482=EDGE_CURVE('',#1668,#1701,#419,.T.);
#2486=ADVANCED_FACE('',(#2485),#2471,.T.);
#2493=EDGE_CURVE('',#1671,#1668,#415,.T.);
#2498=EDGE_CURVE('',#1679,#1677,#440,.T.);
#2500=EDGE_CURVE('',#1681,#1679,#460,.T.);
#2502=EDGE_CURVE('',#1681,#1683,#389,.T.);
#2511=ADVANCED_FACE('',(#2510),#2491,.F.);
#2519=EDGE_CURVE('',#1774,#1701,#427,.T.);
#2524=ADVANCED_FACE('',(#2523),#2516,.T.);
#2535=ADVANCED_FACE('',(#2534),#2529,.F.);
#2543=EDGE_CURVE('',#1790,#1778,#444,.T.);
#2545=EDGE_CURVE('',#1679,#1790,#464,.T.);
#2549=ADVANCED_FACE('',(#2548),#2540,.F.);
#2558=EDGE_CURVE('',#1780,#1790,#456,.T.);
#2562=ADVANCED_FACE('',(#2561),#2554,.F.);
#2569=EDGE_CURVE('',#1681,#1916,#476,.T.);
#2577=ADVANCED_FACE('',(#2576),#2567,.F.);
#2589=ADVANCED_FACE('',(#2588),#2582,.F.);
#2595=EDGE_CURVE('',#1663,#1703,#480,.T.);
#2597=EDGE_CURVE('',#1705,#1703,#500,.T.);
#2605=ADVANCED_FACE('',(#2604),#2594,.T.);
#2612=EDGE_CURVE('',#1703,#1903,#504,.T.);
#2618=ADVANCED_FACE('',(#2617),#2610,.F.);
#2630=ADVANCED_FACE('',(#2629),#2623,.T.);
#2636=EDGE_CURVE('',#1736,#1764,#545,.T.);
#2638=EDGE_CURVE('',#1735,#1736,#693,.T.);
#2640=EDGE_CURVE('',#1738,#1735,#701,.T.);
#2642=EDGE_CURVE('',#1740,#1738,#709,.T.);
#2644=EDGE_CURVE('',#1742,#1740,#733,.T.);
#2646=EDGE_CURVE('',#1742,#1744,#509,.T.);
#2651=EDGE_CURVE('',#1748,#1750,#525,.T.);
#2653=EDGE_CURVE('',#1750,#1752,#529,.T.);
#2655=EDGE_CURVE('',#1752,#1754,#533,.T.);
#2657=EDGE_CURVE('',#1754,#1756,#537,.T.);
#2659=EDGE_CURVE('',#1756,#1758,#541,.T.);
#2661=EDGE_CURVE('',#1760,#1758,#1014,.T.);
#2663=EDGE_CURVE('',#1762,#1760,#1026,.T.);
#2665=EDGE_CURVE('',#1764,#1762,#1034,.T.);
#2669=ADVANCED_FACE('',(#2668),#2635,.F.);
#2675=EDGE_CURVE('',#1736,#1482,#697,.T.);
#2678=EDGE_CURVE('',#1480,#1764,#1030,.T.);
#2680=EDGE_CURVE('',#1482,#1480,#814,.T.);
#2684=EDGE_CURVE('',#1588,#1589,#621,.T.);
#2686=EDGE_CURVE('',#1591,#1588,#653,.T.);
#2688=EDGE_CURVE('',#1593,#1591,#645,.T.);
#2690=EDGE_CURVE('',#1589,#1593,#637,.T.);
#2694=EDGE_CURVE('',#1767,#1768,#549,.T.);
#2696=EDGE_CURVE('',#1770,#1767,#581,.T.);
#2698=EDGE_CURVE('',#1772,#1770,#573,.T.);
#2700=EDGE_CURVE('',#1768,#1772,#565,.T.);
#2704=ADVANCED_FACE('',(#2683,#2693,#2703),#2674,.F.);
#2710=EDGE_CURVE('',#1802,#1768,#561,.T.);
#2712=EDGE_CURVE('',#1804,#1802,#597,.T.);
#2714=EDGE_CURVE('',#1767,#1804,#585,.T.);
#2719=ADVANCED_FACE('',(#2718),#2709,.T.);
#2725=EDGE_CURVE('',#1806,#1772,#569,.T.);
#2727=EDGE_CURVE('',#1806,#1808,#553,.T.);
#2729=EDGE_CURVE('',#1810,#1808,#601,.T.);
#2731=EDGE_CURVE('',#1810,#1802,#557,.T.);
#2737=ADVANCED_FACE('',(#2736),#2724,.T.);
#2745=EDGE_CURVE('',#1812,#1770,#577,.T.);
#2747=EDGE_CURVE('',#1806,#1812,#613,.T.);
#2751=ADVANCED_FACE('',(#2750),#2742,.F.);
#2760=EDGE_CURVE('',#1804,#1814,#589,.T.);
#2762=EDGE_CURVE('',#1816,#1814,#605,.T.);
#2764=EDGE_CURVE('',#1816,#1812,#593,.T.);
#2768=ADVANCED_FACE('',(#2767),#2756,.F.);
#2775=EDGE_CURVE('',#1814,#1810,#609,.T.);
#2781=ADVANCED_FACE('',(#2780),#2773,.T.);
#2788=EDGE_CURVE('',#1816,#1808,#617,.T.);
#2794=ADVANCED_FACE('',(#2793),#2786,.F.);
#2806=ADVANCED_FACE('',(#2805),#2799,.F.);
#2812=EDGE_CURVE('',#1623,#1589,#633,.T.);
#2814=EDGE_CURVE('',#1625,#1623,#669,.T.);
#2816=EDGE_CURVE('',#1588,#1625,#657,.T.);
#2821=ADVANCED_FACE('',(#2820),#2811,.T.);
#2827=EDGE_CURVE('',#1627,#1593,#641,.T.);
#2829=EDGE_CURVE('',#1627,#1629,#625,.T.);
#2831=EDGE_CURVE('',#1631,#1629,#673,.T.);
#2833=EDGE_CURVE('',#1631,#1623,#629,.T.);
#2839=ADVANCED_FACE('',(#2838),#2826,.T.);
#2847=EDGE_CURVE('',#1633,#1591,#649,.T.);
#2849=EDGE_CURVE('',#1627,#1633,#685,.T.);
#2853=ADVANCED_FACE('',(#2852),#2844,.F.);
#2862=EDGE_CURVE('',#1625,#1635,#661,.T.);
#2864=EDGE_CURVE('',#1637,#1635,#677,.T.);
#2866=EDGE_CURVE('',#1637,#1633,#665,.T.);
#2870=ADVANCED_FACE('',(#2869),#2858,.F.);
#2877=EDGE_CURVE('',#1635,#1631,#681,.T.);
#2883=ADVANCED_FACE('',(#2882),#2875,.T.);
#2890=EDGE_CURVE('',#1637,#1629,#689,.T.);
#2896=ADVANCED_FACE('',(#2895),#2888,.F.);
#2908=ADVANCED_FACE('',(#2907),#2901,.F.);
#2914=EDGE_CURVE('',#1735,#1484,#705,.T.);
#2918=EDGE_CURVE('',#1484,#1482,#810,.T.);
#2922=ADVANCED_FACE('',(#2921),#2913,.T.);
#2928=EDGE_CURVE('',#1738,#1486,#713,.T.);
#2932=EDGE_CURVE('',#1486,#1484,#806,.T.);
#2936=ADVANCED_FACE('',(#2935),#2927,.F.);
#2942=EDGE_CURVE('',#1740,#1504,#737,.T.);
#2946=EDGE_CURVE('',#1488,#1486,#802,.T.);
#2948=EDGE_CURVE('',#1866,#1488,#1180,.T.);
#2950=EDGE_CURVE('',#1866,#1871,#717,.T.);
#2952=EDGE_CURVE('',#1871,#1494,#721,.T.);
#2954=EDGE_CURVE('',#1496,#1494,#786,.T.);
#2956=EDGE_CURVE('',#1874,#1496,#1204,.T.);
#2958=EDGE_CURVE('',#1874,#1879,#725,.T.);
#2960=EDGE_CURVE('',#1879,#1502,#729,.T.);
#2962=EDGE_CURVE('',#1504,#1502,#770,.T.);
#2966=ADVANCED_FACE('',(#2965),#2941,.F.);
#2972=EDGE_CURVE('',#1742,#1506,#741,.T.);
#2976=EDGE_CURVE('',#1506,#1504,#766,.T.);
#2980=ADVANCED_FACE('',(#2979),#2971,.T.);
#2990=EDGE_CURVE('',#1506,#1508,#746,.T.);
#2995=ADVANCED_FACE('',(#2994),#2985,.T.);
#3001=EDGE_CURVE('',#1466,#1464,#750,.T.);
#3004=EDGE_CURVE('',#1461,#1462,#758,.T.);
#3010=EDGE_CURVE('',#1502,#1500,#774,.T.);
#3012=EDGE_CURVE('',#1500,#1498,#778,.T.);
#3014=EDGE_CURVE('',#1498,#1496,#782,.T.);
#3017=EDGE_CURVE('',#1494,#1492,#790,.T.);
#3019=EDGE_CURVE('',#1492,#1490,#794,.T.);
#3021=EDGE_CURVE('',#1490,#1488,#798,.T.);
#3027=EDGE_CURVE('',#1480,#1478,#818,.T.);
#3029=EDGE_CURVE('',#1478,#1476,#822,.T.);
#3031=EDGE_CURVE('',#1476,#1474,#826,.T.);
#3033=EDGE_CURVE('',#1474,#1472,#830,.T.);
#3035=EDGE_CURVE('',#1472,#1470,#834,.T.);
#3037=EDGE_CURVE('',#1470,#1468,#838,.T.);
#3039=EDGE_CURVE('',#1468,#1466,#842,.T.);
#3043=ADVANCED_FACE('',(#3042),#3000,.T.);
#3049=EDGE_CURVE('',#1750,#1466,#850,.T.);
#3056=ADVANCED_FACE('',(#3055),#3048,.F.);
#3062=EDGE_CURVE('',#1752,#1468,#854,.T.);
#3069=ADVANCED_FACE('',(#3068),#3061,.T.);
#3075=EDGE_CURVE('',#1754,#1470,#858,.T.);
#3082=ADVANCED_FACE('',(#3081),#3074,.F.);
#3088=EDGE_CURVE('',#1756,#1472,#862,.T.);
#3095=ADVANCED_FACE('',(#3094),#3087,.F.);
#3101=EDGE_CURVE('',#1758,#1474,#1018,.T.);
#3108=EDGE_CURVE('',#1580,#1581,#938,.T.);
#3110=EDGE_CURVE('',#1583,#1580,#970,.T.);
#3112=EDGE_CURVE('',#1585,#1583,#962,.T.);
#3114=EDGE_CURVE('',#1581,#1585,#954,.T.);
#3118=EDGE_CURVE('',#1727,#1728,#866,.T.);
#3120=EDGE_CURVE('',#1730,#1727,#898,.T.);
#3122=EDGE_CURVE('',#1732,#1730,#890,.T.);
#3124=EDGE_CURVE('',#1728,#1732,#882,.T.);
#3128=ADVANCED_FACE('',(#3107,#3117,#3127),#3100,.F.);
#3134=EDGE_CURVE('',#1818,#1728,#878,.T.);
#3136=EDGE_CURVE('',#1820,#1818,#914,.T.);
#3138=EDGE_CURVE('',#1727,#1820,#902,.T.);
#3143=ADVANCED_FACE('',(#3142),#3133,.T.);
#3149=EDGE_CURVE('',#1822,#1732,#886,.T.);
#3151=EDGE_CURVE('',#1822,#1824,#870,.T.);
#3153=EDGE_CURVE('',#1826,#1824,#918,.T.);
#3155=EDGE_CURVE('',#1826,#1818,#874,.T.);
#3161=ADVANCED_FACE('',(#3160),#3148,.T.);
#3169=EDGE_CURVE('',#1828,#1730,#894,.T.);
#3171=EDGE_CURVE('',#1822,#1828,#930,.T.);
#3175=ADVANCED_FACE('',(#3174),#3166,.F.);
#3184=EDGE_CURVE('',#1820,#1830,#906,.T.);
#3186=EDGE_CURVE('',#1832,#1830,#922,.T.);
#3188=EDGE_CURVE('',#1832,#1828,#910,.T.);
#3192=ADVANCED_FACE('',(#3191),#3180,.F.);
#3199=EDGE_CURVE('',#1830,#1826,#926,.T.);
#3205=ADVANCED_FACE('',(#3204),#3197,.T.);
#3212=EDGE_CURVE('',#1832,#1824,#934,.T.);
#3218=ADVANCED_FACE('',(#3217),#3210,.F.);
#3230=ADVANCED_FACE('',(#3229),#3223,.F.);
#3236=EDGE_CURVE('',#1639,#1581,#950,.T.);
#3238=EDGE_CURVE('',#1641,#1639,#986,.T.);
#3240=EDGE_CURVE('',#1580,#1641,#974,.T.);
#3245=ADVANCED_FACE('',(#3244),#3235,.T.);
#3251=EDGE_CURVE('',#1643,#1585,#958,.T.);
#3253=EDGE_CURVE('',#1643,#1645,#942,.T.);
#3255=EDGE_CURVE('',#1647,#1645,#990,.T.);
#3257=EDGE_CURVE('',#1647,#1639,#946,.T.);
#3263=ADVANCED_FACE('',(#3262),#3250,.T.);
#3271=EDGE_CURVE('',#1649,#1583,#966,.T.);
#3273=EDGE_CURVE('',#1643,#1649,#1002,.T.);
#3277=ADVANCED_FACE('',(#3276),#3268,.F.);
#3286=EDGE_CURVE('',#1641,#1651,#978,.T.);
#3288=EDGE_CURVE('',#1653,#1651,#994,.T.);
#3290=EDGE_CURVE('',#1653,#1649,#982,.T.);
#3294=ADVANCED_FACE('',(#3293),#3282,.F.);
#3301=EDGE_CURVE('',#1651,#1647,#998,.T.);
#3307=ADVANCED_FACE('',(#3306),#3299,.T.);
#3314=EDGE_CURVE('',#1653,#1645,#1006,.T.);
#3320=ADVANCED_FACE('',(#3319),#3312,.F.);
#3332=ADVANCED_FACE('',(#3331),#3325,.F.);
#3338=EDGE_CURVE('',#1476,#1760,#1010,.T.);
#3345=ADVANCED_FACE('',(#3344),#3337,.T.);
#3351=EDGE_CURVE('',#1478,#1762,#1022,.T.);
#3358=ADVANCED_FACE('',(#3357),#3350,.F.);
#3370=ADVANCED_FACE('',(#3369),#3363,.F.);
#3376=EDGE_CURVE('',#1862,#1863,#1038,.T.);
#3383=ADVANCED_FACE('',(#3382),#3375,.T.);
#3391=EDGE_CURVE('',#1511,#1512,#1051,.T.);
#3393=EDGE_CURVE('',#1511,#1514,#1042,.T.);
#3395=EDGE_CURVE('',#1514,#1881,#1047,.T.);
#3400=ADVANCED_FACE('',(#3399),#3388,.T.);
#3406=EDGE_CURVE('',#1866,#1867,#1176,.T.);
#3408=EDGE_CURVE('',#1867,#1869,#1184,.T.);
#3410=EDGE_CURVE('',#1869,#1871,#1192,.T.);
#3415=ADVANCED_FACE('',(#3414),#3405,.T.);
#3421=EDGE_CURVE('',#1874,#1875,#1200,.T.);
#3423=EDGE_CURVE('',#1875,#1877,#1208,.T.);
#3425=EDGE_CURVE('',#1877,#1879,#1216,.T.);
#3430=ADVANCED_FACE('',(#3429),#3420,.T.);
#3438=EDGE_CURVE('',#1599,#1597,#1071,.T.);
#3440=EDGE_CURVE('',#1599,#1532,#1055,.T.);
#3442=EDGE_CURVE('',#1532,#1530,#1059,.T.);
#3444=EDGE_CURVE('',#1530,#1511,#1063,.T.);
#3448=ADVANCED_FACE('',(#3447),#3435,.T.);
#3454=EDGE_CURVE('',#1611,#1599,#1067,.T.);
#3458=EDGE_CURVE('',#1601,#1611,#1079,.T.);
#3462=ADVANCED_FACE('',(#3461),#3453,.F.);
#3468=EDGE_CURVE('',#1534,#1532,#1083,.T.);
#3472=EDGE_CURVE('',#1534,#1611,#1160,.T.);
#3476=ADVANCED_FACE('',(#3475),#3467,.F.);
#3483=EDGE_CURVE('',#1526,#1523,#1123,.T.);
#3485=EDGE_CURVE('',#1526,#1528,#1088,.T.);
#3487=EDGE_CURVE('',#1528,#1530,#1092,.T.);
#3491=EDGE_CURVE('',#1536,#1534,#1156,.T.);
#3493=EDGE_CURVE('',#1536,#1538,#1097,.T.);
#3502=ADVANCED_FACE('',(#3501),#3481,.F.);
#3510=EDGE_CURVE('',#1595,#1554,#1135,.T.);
#3512=EDGE_CURVE('',#1595,#1526,#1131,.T.);
#3516=ADVANCED_FACE('',(#3515),#3507,.T.);
#3524=EDGE_CURVE('',#1621,#1595,#1144,.T.);
#3528=ADVANCED_FACE('',(#3527),#3521,.F.);
#3535=EDGE_CURVE('',#1528,#1514,#1152,.T.);
#3543=ADVANCED_FACE('',(#3542),#3533,.T.);
#3555=ADVANCED_FACE('',(#3554),#3548,.T.);
#3562=EDGE_CURVE('',#1536,#1859,#1172,.T.);
#3570=ADVANCED_FACE('',(#3569),#3560,.F.);
#3582=ADVANCED_FACE('',(#3581),#3575,.F.);
#3591=EDGE_CURVE('',#1867,#1490,#1188,.T.);
#3595=ADVANCED_FACE('',(#3594),#3587,.T.);
#3604=EDGE_CURVE('',#1869,#1492,#1196,.T.);
#3608=ADVANCED_FACE('',(#3607),#3600,.F.);
#3620=ADVANCED_FACE('',(#3619),#3613,.F.);
#3629=EDGE_CURVE('',#1875,#1498,#1212,.T.);
#3633=ADVANCED_FACE('',(#3632),#3625,.T.);
#3642=EDGE_CURVE('',#1877,#1500,#1220,.T.);
#3646=ADVANCED_FACE('',(#3645),#3638,.F.);
#3658=ADVANCED_FACE('',(#3657),#3651,.F.);
#3665=EDGE_CURVE('',#1713,#1908,#1225,.T.);
#3667=EDGE_CURVE('',#1711,#1713,#1230,.T.);
#3669=EDGE_CURVE('',#1709,#1711,#1260,.T.);
#3674=ADVANCED_FACE('',(#3673),#3663,.F.);
#3681=EDGE_CURVE('',#1723,#1908,#1234,.T.);
#3683=EDGE_CURVE('',#1719,#1723,#1278,.T.);
#3685=EDGE_CURVE('',#1711,#1719,#1269,.T.);
#3690=ADVANCED_FACE('',(#3689),#3679,.F.);
#3721=EDGE_CURVE('',#1724,#1910,#1238,.T.);
#3723=EDGE_CURVE('',#1723,#1724,#1287,.T.);
#3728=ADVANCED_FACE('',(#3727),#3719,.F.);
#3735=EDGE_CURVE('',#1717,#1910,#1252,.T.);
#3737=EDGE_CURVE('',#1716,#1717,#1247,.T.);
#3739=EDGE_CURVE('',#1721,#1716,#1273,.T.);
#3741=EDGE_CURVE('',#1724,#1721,#1292,.T.);
#3745=ADVANCED_FACE('',(#3744),#3733,.F.);
#3753=EDGE_CURVE('',#1708,#1716,#1242,.T.);
#3759=ADVANCED_FACE('',(#3758),#3750,.F.);
#3768=EDGE_CURVE('',#1711,#1716,#1265,.T.);
#3772=ADVANCED_FACE('',(#3771),#3764,.T.);
#3803=EDGE_CURVE('',#1721,#1719,#1301,.T.);
#3809=ADVANCED_FACE('',(#3808),#3801,.F.);
#3821=ADVANCED_FACE('',(#3820),#3814,.T.);
#3827=EDGE_CURVE('',#1518,#1556,#1305,.T.);
#3829=EDGE_CURVE('',#1558,#1556,#1325,.T.);
#3837=ADVANCED_FACE('',(#3836),#3826,.T.);
#3844=EDGE_CURVE('',#1556,#1846,#1329,.T.);
#3850=ADVANCED_FACE('',(#3849),#3842,.F.);
#3862=ADVANCED_FACE('',(#3861),#3855,.T.);
#3868=EDGE_CURVE('',#1604,#1613,#1341,.T.);
#3871=EDGE_CURVE('',#1615,#1605,#1353,.T.);
#3873=EDGE_CURVE('',#1613,#1615,#1373,.T.);
#3877=ADVANCED_FACE('',(#3876),#3867,.T.);
#3883=EDGE_CURVE('',#1607,#1617,#1349,.T.);
#3887=EDGE_CURVE('',#1617,#1613,#1369,.T.);
#3891=ADVANCED_FACE('',(#3890),#3882,.F.);
#3897=EDGE_CURVE('',#1609,#1619,#1361,.T.);
#3901=EDGE_CURVE('',#1619,#1617,#1365,.T.);
#3905=ADVANCED_FACE('',(#3904),#3896,.F.);
#3914=EDGE_CURVE('',#1615,#1619,#1377,.T.);
#3918=ADVANCED_FACE('',(#3917),#3910,.T.);
#3930=ADVANCED_FACE('',(#3929),#3923,.T.);
#3937=EDGE_CURVE('',#1566,#1851,#1382,.T.);
#3939=EDGE_CURVE('',#1564,#1566,#1387,.T.);
#3941=EDGE_CURVE('',#1562,#1564,#1417,.T.);
#3946=ADVANCED_FACE('',(#3945),#3935,.F.);
#3953=EDGE_CURVE('',#1576,#1851,#1391,.T.);
#3955=EDGE_CURVE('',#1572,#1576,#1435,.T.);
#3957=EDGE_CURVE('',#1564,#1572,#1426,.T.);
#3962=ADVANCED_FACE('',(#3961),#3951,.F.);
#3993=EDGE_CURVE('',#1577,#1853,#1395,.T.);
#3995=EDGE_CURVE('',#1576,#1577,#1444,.T.);
#4000=ADVANCED_FACE('',(#3999),#3991,.F.);
#4007=EDGE_CURVE('',#1570,#1853,#1409,.T.);
#4009=EDGE_CURVE('',#1569,#1570,#1404,.T.);
#4011=EDGE_CURVE('',#1574,#1569,#1430,.T.);
#4013=EDGE_CURVE('',#1577,#1574,#1449,.T.);
#4017=ADVANCED_FACE('',(#4016),#4005,.F.);
#4025=EDGE_CURVE('',#1561,#1569,#1399,.T.);
#4031=ADVANCED_FACE('',(#4030),#4022,.F.);
#4040=EDGE_CURVE('',#1564,#1569,#1422,.T.);
#4044=ADVANCED_FACE('',(#4043),#4036,.T.);
#4075=EDGE_CURVE('',#1574,#1572,#1458,.T.);
#4081=ADVANCED_FACE('',(#4080),#4073,.F.);
#4093=ADVANCED_FACE('',(#4092),#4086,.T.);
#4096=(LENGTH_UNIT()NAMED_UNIT(*)SI_UNIT(.MILLI.,.METRE.));
#4098=(NAMED_UNIT(*)PLANE_ANGLE_UNIT()SI_UNIT($,.RADIAN.));
#4101=(NAMED_UNIT(*)SI_UNIT($,.STERADIAN.)SOLID_ANGLE_UNIT());
#4103=(GEOMETRIC_REPRESENTATION_CONTEXT(3)GLOBAL_UNCERTAINTY_ASSIGNED_CONTEXT((
#4102))GLOBAL_UNIT_ASSIGNED_CONTEXT((#4096,#4100,#4101))REPRESENTATION_CONTEXT(
'ID1','3'));
#4104=ADVANCED_BREP_SHAPE_REPRESENTATION('',(#4095),#4103);
#4111=PRODUCT_DEFINITION('design','',#4110,#4107);
#4112=PRODUCT_DEFINITION_SHAPE('','SHAPE FOR 2.',#4111);
#4113=SHAPE_DEFINITION_REPRESENTATION(#4112,#4104);
ENDSEC;
END-ISO-10303-21;
